{
    "build_epsilon_graph": {
        "density": 552.0162963867188,
        "dist_comps": 1050932519,
        "num_edges": 37559190,
        "rank_dist_comps": [
            125363920,
            127186516,
            87198154,
            155313493,
            151963555,
            130621797,
            161067647,
            112217437
        ],
        "rank_num_edges": [
            5516410,
            3836809,
            2802201,
            5221613,
            5508018,
            4554774,
            6332938,
            3786427
        ],
        "sparsity": 0.008113114163279533,
        "time": 8.179093777000162
    },
    "build_ghost_trees": {
        "dist_comps": 7198084710,
        "rank_dist_comps": [
            847189263,
            936166734,
            837885071,
            943373904,
            975229379,
            904872831,
            887582388,
            865785140
        ],
        "time": 18.00588260600034
    },
    "build_greedy_net": {
        "dist_comps": 69672960,
        "net_sep": 0.26407158374786377,
        "rank_dist_comps": [
            8709120,
            8709120,
            8709120,
            8709120,
            8709120,
            8709120,
            8709120,
            8709120
        ],
        "time": 0.13834773999997196
    },
    "build_replication_tree": {
        "dist_comps": 37305,
        "time": 0.0012908700000480167,
        "verts": 1158
    },
    "compute_cell_assignments": {
        "time": 2.501800008758437e-05
    },
    "compute_ghost_points": {
        "dist_comps": 148394896,
        "num_ghost_points": 31367907,
        "rank_dist_comps": [
            18549405,
            18549405,
            18549405,
            18549401,
            18549401,
            18549394,
            18549334,
            18549151
        ],
        "rank_num_ghost_points_recv": [
            3755327,
            3964202,
            3818537,
            4126101,
            4035358,
            3975957,
            3877720,
            3814705
        ],
        "rank_num_ghost_points_sent": [
            4313490,
            3914865,
            3881633,
            3798586,
            3615089,
            3918311,
            3937301,
            3988632
        ],
        "time": 1.4427308350000203
    },
    "covering_factor": 2.0,
    "dataset": "datasets/izbicki15/small/corel.fvecs",
    "dim": 32,
    "epsilon": 0.20000000298023224,
    "file_io_time": 0.007567015999939031,
    "leaf_size": 10,
    "num_points": 68040,
    "num_ranks": 8,
    "num_sites": 1024,
    "total_time": 27.77493786200057
}
