{
    "build_epsilon_graph": {
        "density": 552.0162963867188,
        "dist_comps": 1051188982,
        "num_edges": 37559190,
        "rank_dist_comps": [
            142046467,
            104308099,
            122182106,
            151349468,
            121923904,
            123115264,
            164290361,
            121973313
        ],
        "rank_num_edges": [
            5331781,
            3143901,
            4060971,
            5634608,
            4599946,
            3783026,
            6820554,
            4184403
        ],
        "sparsity": 0.008113114163279533,
        "time": 8.371053847999974
    },
    "build_ghost_trees": {
        "dist_comps": 3872832629,
        "rank_dist_comps": [
            463975084,
            518211719,
            469728923,
            525253067,
            463625856,
            485983269,
            488379960,
            457674751
        ],
        "time": 9.554679297999883
    },
    "build_greedy_net": {
        "dist_comps": 34836480,
        "net_sep": 0.3152930736541748,
        "rank_dist_comps": [
            4354560,
            4354560,
            4354560,
            4354560,
            4354560,
            4354560,
            4354560,
            4354560
        ],
        "time": 0.06986790400014797
    },
    "build_replication_tree": {
        "dist_comps": 19966,
        "time": 0.0007112369999049406,
        "verts": 646
    },
    "compute_cell_assignments": {
        "time": 2.2963999981584493e-05
    },
    "compute_ghost_points": {
        "dist_comps": 78721936,
        "num_ghost_points": 15850067,
        "rank_dist_comps": [
            9840285,
            9840285,
            9840285,
            9840281,
            9840281,
            9840274,
            9840214,
            9840031
        ],
        "rank_num_ghost_points_recv": [
            2009198,
            2075434,
            1932853,
            2015332,
            1959789,
            1942132,
            2081422,
            1833907
        ],
        "rank_num_ghost_points_sent": [
            2159909,
            1990909,
            1976857,
            1939345,
            1828362,
            1974973,
            1981187,
            1998525
        ],
        "time": 0.7527872470000148
    },
    "covering_factor": 2.0,
    "dataset": "datasets/izbicki15/small/corel.fvecs",
    "dim": 32,
    "epsilon": 0.20000000298023224,
    "file_io_time": 0.0075855820000469976,
    "leaf_size": 10,
    "num_points": 68040,
    "num_ranks": 8,
    "num_sites": 512,
    "total_time": 18.756708079999953
}
