{
    "build_epsilon_graph": {
        "density": 552.0162963867188,
        "dist_comps": 1050932519,
        "num_edges": 37559190,
        "rank_dist_comps": [
            35057048,
            20178260,
            26423333,
            41872954,
            22467375,
            16923748,
            33075603,
            11284130,
            31303884,
            36855190,
            17703428,
            56499851,
            40621995,
            30175638,
            35471400,
            25537637,
            25212399,
            42595343,
            17762173,
            15676280,
            41582869,
            53817788,
            46110276,
            35197585,
            33790589,
            27557723,
            25309220,
            41264408,
            47291316,
            29704623,
            46410368,
            40198085
        ],
        "rank_num_edges": [
            1224931,
            667142,
            1142859,
            1071855,
            550556,
            494527,
            1135596,
            220274,
            1385629,
            1237091,
            470355,
            2377376,
            1883681,
            910549,
            1398442,
            1122942,
            1486401,
            1092519,
            532404,
            384735,
            1487116,
            2151133,
            1401033,
            1139633,
            1419449,
            840057,
            656583,
            1387647,
            1586665,
            998565,
            2397867,
            1303578
        ],
        "sparsity": 0.008113114163279533,
        "time": 2.8457497210001748
    },
    "build_ghost_trees": {
        "dist_comps": 7198084710,
        "rank_dist_comps": [
            256171550,
            252744293,
            242350837,
            273466312,
            221562209,
            226551763,
            196024708,
            228026365,
            190482089,
            194645642,
            202613207,
            230311729,
            249036553,
            258497443,
            259369645,
            186325076,
            177146703,
            232723803,
            172881394,
            201241445,
            238819580,
            218493643,
            221595449,
            226090580,
            223388921,
            256052996,
            220039633,
            238354418,
            265811037,
            201329982,
            210592586,
            225343119
        ],
        "time": 5.121538063999651
    },
    "build_greedy_net": {
        "dist_comps": 69672960,
        "net_sep": 0.26407158374786377,
        "rank_dist_comps": [
            2177024,
            2177024,
            2177024,
            2177024,
            2177024,
            2177024,
            2177024,
            2177024,
            2177024,
            2177024,
            2177024,
            2177024,
            2177024,
            2177024,
            2177024,
            2177024,
            2177024,
            2177024,
            2177024,
            2177024,
            2177024,
            2177024,
            2177024,
            2177024,
            2178048,
            2178048,
            2178048,
            2178048,
            2178048,
            2178048,
            2178048,
            2178048
        ],
        "time": 0.044005398000081186
    },
    "build_replication_tree": {
        "dist_comps": 37305,
        "time": 0.0014188210002430424,
        "verts": 1158
    },
    "compute_cell_assignments": {
        "time": 5.25020000168297e-05
    },
    "compute_ghost_points": {
        "dist_comps": 148394896,
        "num_ghost_points": 31367907,
        "rank_dist_comps": [
            4636806,
            4636806,
            4636806,
            4636806,
            4636806,
            4636806,
            4636806,
            4636806,
            4636806,
            4636806,
            4636806,
            4636806,
            4636806,
            4636806,
            4636806,
            4636802,
            4636806,
            4636806,
            4636802,
            4636806,
            4636802,
            4636806,
            4636803,
            4636802,
            4638967,
            4638978,
            4638978,
            4638954,
            4638885,
            4638983,
            4638903,
            4638923
        ],
        "rank_num_ghost_points_recv": [
            1125156,
            1031291,
            1108714,
            1130781,
            907805,
            1051017,
            829240,
            1007904,
            847613,
            828051,
            929581,
            1046568,
            989113,
            1095228,
            1080653,
            814035,
            830686,
            1082801,
            784929,
            957690,
            970509,
            930176,
            1011946,
            1022085,
            951872,
            1022059,
            995313,
            991062,
            1167931,
            899536,
            955881,
            970681
        ],
        "rank_num_ghost_points_sent": [
            1071911,
            1136974,
            1105832,
            998190,
            1044245,
            926753,
            986427,
            956811,
            878567,
            973350,
            1055327,
            974213,
            867803,
            997530,
            955114,
            978000,
            896217,
            1100957,
            846277,
            773035,
            976387,
            1047943,
            890458,
            1001564,
            1023078,
            992130,
            1008095,
            914413,
            948979,
            1042668,
            1020384,
            978275
        ],
        "time": 0.613415002000238
    },
    "covering_factor": 2.0,
    "dataset": "datasets/izbicki15/small/corel.fvecs",
    "dim": 32,
    "epsilon": 0.20000000298023224,
    "file_io_time": 0.007308647000172641,
    "leaf_size": 10,
    "num_points": 68040,
    "num_ranks": 32,
    "num_sites": 1024,
    "total_time": 8.633488155000578
}
