{
    "build_epsilon_graph": {
        "density": 24.039535522460938,
        "dist_comps": 285851966,
        "num_edges": 1635650,
        "rank_dist_comps": [
            9051248,
            4611614,
            7140189,
            11787638,
            5477906,
            3852318,
            9465344,
            2464557,
            8612137,
            11387912,
            4471252,
            15066899,
            10149658,
            8128258,
            9907318,
            7137104,
            6407347,
            12114142,
            4340846,
            3457886,
            12639238,
            15965244,
            14126411,
            9088821,
            8338366,
            7595210,
            6325376,
            11167933,
            13756459,
            7368250,
            12455848,
            11993237
        ],
        "rank_num_edges": [
            32846,
            33542,
            377083,
            14156,
            10559,
            12980,
            26598,
            10931,
            60226,
            25254,
            10821,
            64396,
            108114,
            22884,
            109139,
            73417,
            92490,
            13454,
            16271,
            7784,
            31582,
            36329,
            67437,
            27263,
            43369,
            17609,
            13840,
            35872,
            56474,
            72626,
            92687,
            17617
        ],
        "sparsity": 0.00035331473918631673,
        "time": 0.7423574230001577
    },
    "build_ghost_trees": {
        "dist_comps": 861441078,
        "rank_dist_comps": [
            29246482,
            17107094,
            31920417,
            32816416,
            21327674,
            25545694,
            24116776,
            19862956,
            24143071,
            20561974,
            26406449,
            30421682,
            25963491,
            30858108,
            28128800,
            30677380,
            20774487,
            43378980,
            15483064,
            24891774,
            29798450,
            32947773,
            39639398,
            35951701,
            21279703,
            22750017,
            21660270,
            30321464,
            34669635,
            23451132,
            22329811,
            23008955
        ],
        "time": 0.7885688139999729
    },
    "build_greedy_net": {
        "dist_comps": 69672960,
        "net_sep": 0.26407158374786377,
        "rank_dist_comps": [
            2177024,
            2177024,
            2177024,
            2177024,
            2177024,
            2177024,
            2177024,
            2177024,
            2177024,
            2177024,
            2177024,
            2177024,
            2177024,
            2177024,
            2177024,
            2177024,
            2177024,
            2177024,
            2177024,
            2177024,
            2177024,
            2177024,
            2177024,
            2177024,
            2178048,
            2178048,
            2178048,
            2178048,
            2178048,
            2178048,
            2178048,
            2178048
        ],
        "time": 0.04370534600002429
    },
    "build_replication_tree": {
        "dist_comps": 37305,
        "time": 0.0013516700000764104,
        "verts": 1158
    },
    "compute_cell_assignments": {
        "time": 5.136899972058018e-05
    },
    "compute_ghost_points": {
        "dist_comps": 148365909,
        "num_ghost_points": 5153854,
        "rank_dist_comps": [
            4636395,
            4636417,
            4636689,
            4636761,
            4636641,
            4636795,
            4636743,
            4636746,
            4636634,
            4636709,
            4636761,
            4636648,
            4636714,
            4636644,
            4636592,
            4636573,
            4635901,
            4636741,
            4636253,
            4636354,
            4636309,
            4636637,
            4636450,
            4636403,
            4635640,
            4636343,
            4638471,
            4635460,
            4634330,
            4638602,
            4634279,
            4635274
        ],
        "rank_num_ghost_points_recv": [
            183275,
            124945,
            184805,
            200731,
            137775,
            146226,
            145810,
            135761,
            146780,
            123449,
            143854,
            194151,
            158616,
            189799,
            175277,
            157318,
            124200,
            207490,
            108613,
            149384,
            175465,
            171003,
            186934,
            197751,
            129092,
            148470,
            153784,
            186777,
            221567,
            145286,
            156546,
            142920
        ],
        "rank_num_ghost_points_sent": [
            191304,
            201135,
            192235,
            168104,
            170818,
            133023,
            153546,
            145420,
            126393,
            143753,
            169142,
            148282,
            137283,
            144541,
            149855,
            156907,
            148266,
            181374,
            130205,
            122749,
            165011,
            174372,
            156780,
            169699,
            173681,
            172180,
            178553,
            149185,
            166574,
            183384,
            180661,
            169439
        ],
        "time": 0.1928789170001437
    },
    "covering_factor": 2.0,
    "dataset": "datasets/izbicki15/small/corel.fvecs",
    "dim": 32,
    "epsilon": 0.10000000149011612,
    "file_io_time": 0.00726698700009365,
    "leaf_size": 10,
    "num_points": 68040,
    "num_ranks": 32,
    "num_sites": 1024,
    "total_time": 1.7761805260001893
}
