{
    "build_epsilon_graph": {
        "density": 552.0162963867188,
        "dist_comps": 1032295629,
        "num_edges": 37559190,
        "rank_dist_comps": [
            30497121,
            30924964,
            31848229,
            28195432,
            21907017,
            24498237,
            47009227,
            25205210,
            40068035,
            29659389,
            32798086,
            50072510,
            32285637,
            33133604,
            36578897,
            28419955,
            23051281,
            27673798,
            16081585,
            24700215,
            24028948,
            54017877,
            27167353,
            35075599,
            26130238,
            21451254,
            27459299,
            51366220,
            34280451,
            30495812,
            47636741,
            38577408
        ],
        "rank_num_edges": [
            1109843,
            832381,
            1549296,
            701942,
            681724,
            724861,
            1876702,
            856627,
            1639612,
            1094644,
            1288293,
            2001111,
            1444777,
            1202324,
            1694726,
            1087152,
            980688,
            926634,
            497979,
            580366,
            765402,
            1926615,
            878481,
            1040713,
            1098306,
            752937,
            1038051,
            1911653,
            1072711,
            988757,
            1956642,
            1357240
        ],
        "sparsity": 0.008113114163279533,
        "time": 2.7185735269999896
    },
    "build_ghost_trees": {
        "dist_comps": 13244352841,
        "rank_dist_comps": [
            450408921,
            468982149,
            429578362,
            445000062,
            367785919,
            403475309,
            368421957,
            450612863,
            418296599,
            383973520,
            386038363,
            411933094,
            453032089,
            421560613,
            452662246,
            368679777,
            352860824,
            433233765,
            372434907,
            413051438,
            415436029,
            415222649,
            404053216,
            424659204,
            396162587,
            397632623,
            414241995,
            421795435,
            450341327,
            446528522,
            379811427,
            426445050
        ],
        "time": 8.990866990000086
    },
    "build_greedy_net": {
        "dist_comps": 139345920,
        "net_sep": 0.22228531539440155,
        "rank_dist_comps": [
            4354048,
            4354048,
            4354048,
            4354048,
            4354048,
            4354048,
            4354048,
            4354048,
            4354048,
            4354048,
            4354048,
            4354048,
            4354048,
            4354048,
            4354048,
            4354048,
            4354048,
            4354048,
            4354048,
            4354048,
            4354048,
            4354048,
            4354048,
            4354048,
            4356096,
            4356096,
            4356096,
            4356096,
            4356096,
            4356096,
            4356096,
            4356096
        ],
        "time": 0.08662178200029302
    },
    "build_replication_tree": {
        "dist_comps": 1235355,
        "time": 0.03703468900039297,
        "verts": 3458
    },
    "compute_cell_assignments": {
        "time": 6.325300000753487e-05
    },
    "compute_ghost_points": {
        "dist_comps": 372281737,
        "num_ghost_points": 61967439,
        "rank_dist_comps": [
            11649384,
            11656845,
            11677801,
            11676063,
            11670514,
            11678412,
            11671819,
            11676592,
            11661983,
            11673656,
            11681320,
            11670064,
            11660990,
            11673438,
            11662738,
            11662826,
            11606248,
            11678517,
            11626167,
            11629158,
            11646767,
            11669709,
            11644328,
            11655003,
            11525554,
            11545614,
            11654159,
            11505985,
            11494855,
            11658741,
            11509268,
            11527219
        ],
        "rank_num_ghost_points_recv": [
            2135486,
            2170950,
            2027868,
            2085941,
            1741757,
            1928808,
            1729854,
            2056212,
            2026584,
            1756223,
            1914309,
            1905380,
            1926564,
            1973193,
            2109857,
            1785953,
            1714248,
            2034547,
            1823296,
            1928755,
            1832466,
            1859351,
            1989247,
            2061449,
            1834813,
            1768122,
            1988094,
            1934805,
            2161988,
            2013112,
            1848090,
            1900117
        ],
        "rank_num_ghost_points_sent": [
            2124573,
            2224478,
            2204777,
            1994914,
            2057675,
            1856394,
            1966318,
            1882035,
            1720550,
            1930551,
            2088911,
            1934255,
            1731155,
            1989257,
            1898870,
            1944811,
            1787288,
            2167191,
            1655988,
            1484756,
            1930121,
            2055203,
            1758716,
            1946748,
            2006373,
            1958006,
            1988463,
            1804078,
            1883123,
            2058270,
            1999786,
            1933805
        ],
        "time": 1.3595774690002145
    },
    "covering_factor": 2.0,
    "dataset": "datasets/izbicki15/small/corel.fvecs",
    "dim": 32,
    "epsilon": 0.20000000298023224,
    "file_io_time": 0.0075570979997792165,
    "leaf_size": 10,
    "num_points": 68040,
    "num_ranks": 32,
    "num_sites": 2048,
    "total_time": 13.200294808000763
}
