{
    "build_epsilon_graph": {
        "density": 3914.876953125,
        "dist_comps": 2257176942,
        "num_edges": 266368224,
        "rank_dist_comps": [
            76162710,
            47724555,
            57877489,
            86649057,
            50270293,
            37866301,
            70111854,
            26471804,
            66675189,
            77288393,
            39473405,
            122680352,
            91550342,
            67201124,
            74109790,
            55018754,
            57087535,
            86798044,
            40619383,
            35434807,
            85578202,
            108714396,
            94094822,
            75977788,
            75603354,
            60053724,
            53585280,
            88703870,
            98162604,
            65924160,
            100575288,
            83132273
        ],
        "rank_num_edges": [
            8705986,
            4350350,
            6008139,
            10295920,
            4764397,
            3707144,
            8479576,
            1985798,
            8587080,
            9779462,
            3974656,
            15307070,
            10324726,
            7166945,
            9119902,
            7091116,
            6972398,
            10783088,
            3999037,
            3285342,
            11419425,
            15044000,
            12215064,
            8713497,
            8593151,
            6780288,
            5996604,
            10399390,
            12281278,
            6894794,
            13013806,
            10328795
        ],
        "sparsity": 0.05753787234425545,
        "time": 7.590006721000009
    },
    "build_ghost_trees": {
        "dist_comps": 11153104620,
        "rank_dist_comps": [
            367433593,
            335943738,
            352016463,
            357710522,
            351942218,
            339142185,
            342881606,
            350950810,
            369026541,
            343276161,
            355818490,
            338399119,
            352533125,
            379571948,
            345670743,
            341238808,
            335751853,
            337681550,
            338084640,
            353156885,
            345580781,
            338784551,
            340317369,
            370530789,
            347941703,
            342228766,
            336122887,
            343026492,
            344435435,
            326750446,
            361466152,
            367688251
        ],
        "time": 7.365648356000008
    },
    "build_greedy_net": {
        "dist_comps": 69672960,
        "net_sep": 0.26407158374786377,
        "rank_dist_comps": [
            2177024,
            2177024,
            2177024,
            2177024,
            2177024,
            2177024,
            2177024,
            2177024,
            2177024,
            2177024,
            2177024,
            2177024,
            2177024,
            2177024,
            2177024,
            2177024,
            2177024,
            2177024,
            2177024,
            2177024,
            2177024,
            2177024,
            2177024,
            2177024,
            2178048,
            2178048,
            2178048,
            2178048,
            2178048,
            2178048,
            2178048,
            2178048
        ],
        "time": 0.043976376000046
    },
    "build_replication_tree": {
        "dist_comps": 37305,
        "time": 0.0015585709999754727,
        "verts": 1158
    },
    "compute_cell_assignments": {
        "time": 5.129999999553547e-05
    },
    "compute_ghost_points": {
        "dist_comps": 148395240,
        "num_ghost_points": 57184817,
        "rank_dist_comps": [
            4636806,
            4636806,
            4636806,
            4636806,
            4636806,
            4636806,
            4636806,
            4636806,
            4636806,
            4636806,
            4636806,
            4636806,
            4636806,
            4636806,
            4636806,
            4636806,
            4636806,
            4636806,
            4636806,
            4636806,
            4636806,
            4636806,
            4636806,
            4636806,
            4638987,
            4638987,
            4638987,
            4638987,
            4638987,
            4638987,
            4638987,
            4638987
        ],
        "rank_num_ghost_points_recv": [
            1884576,
            1807672,
            1859283,
            1885325,
            1756144,
            1812507,
            1690433,
            1794117,
            1734475,
            1726072,
            1786388,
            1839015,
            1755450,
            1822387,
            1833343,
            1678646,
            1695088,
            1793514,
            1675497,
            1794051,
            1770005,
            1759103,
            1783054,
            1799235,
            1780816,
            1847923,
            1781502,
            1792879,
            1875396,
            1752631,
            1799055,
            1819235
        ],
        "rank_num_ghost_points_sent": [
            1822680,
            1881756,
            1886519,
            1821931,
            1857323,
            1835917,
            1823119,
            1840087,
            1765584,
            1847181,
            1887804,
            1823971,
            1683580,
            1857169,
            1789755,
            1809341,
            1690634,
            1893553,
            1659528,
            1621924,
            1772021,
            1848320,
            1666462,
            1802996,
            1793589,
            1762096,
            1777086,
            1697738,
            1677225,
            1816161,
            1732933,
            1738834
        ],
        "time": 0.9267024069999934
    },
    "covering_factor": 2.0,
    "dataset": "datasets/izbicki15/small/corel.fvecs",
    "dim": 32,
    "epsilon": 0.30000001192092896,
    "file_io_time": 0.007348644999979115,
    "leaf_size": 10,
    "num_points": 68040,
    "num_ranks": 32,
    "num_sites": 1024,
    "total_time": 15.935292376000007
}
