{
    "build_epsilon_graph": {
        "density": 3914.876953125,
        "dist_comps": 2257176942,
        "num_edges": 266368224,
        "rank_dist_comps": [
            133250245,
            134522599,
            98496872,
            122083864,
            135848495,
            146580697,
            164206676,
            102449592,
            142278543,
            137342117,
            93058685,
            211384222,
            189712946,
            133125284,
            174685078,
            138151027
        ],
        "rank_num_edges": [
            15678384,
            15133438,
            10007176,
            13581262,
            16183822,
            18751144,
            20694640,
            10699295,
            17180231,
            16559750,
            9971260,
            25706460,
            22606004,
            14061739,
            22133708,
            17419911
        ],
        "sparsity": 0.05753787234425545,
        "time": 13.564220573999933
    },
    "build_ghost_trees": {
        "dist_comps": 11153104620,
        "rank_dist_comps": [
            703185446,
            673625288,
            690101103,
            710867407,
            697522999,
            677926736,
            683198975,
            721481599,
            716968244,
            685504927,
            691941377,
            681425611,
            696968560,
            706322394,
            707136895,
            708927059
        ],
        "time": 13.958022932999938
    },
    "build_greedy_net": {
        "dist_comps": 69672960,
        "net_sep": 0.26407158374786377,
        "rank_dist_comps": [
            4354048,
            4354048,
            4354048,
            4354048,
            4354048,
            4354048,
            4354048,
            4354048,
            4355072,
            4355072,
            4355072,
            4355072,
            4355072,
            4355072,
            4355072,
            4355072
        ],
        "time": 0.07594656599997052
    },
    "build_replication_tree": {
        "dist_comps": 37305,
        "time": 0.0013974290000078327,
        "verts": 1158
    },
    "compute_cell_assignments": {
        "time": 3.33049999881041e-05
    },
    "compute_ghost_points": {
        "dist_comps": 148395240,
        "num_ghost_points": 57184817,
        "rank_dist_comps": [
            9273612,
            9273612,
            9273612,
            9273612,
            9273612,
            9273612,
            9273612,
            9273612,
            9275793,
            9275793,
            9275793,
            9275793,
            9275793,
            9275793,
            9275793,
            9275793
        ],
        "rank_num_ghost_points_recv": [
            3579664,
            3601186,
            3534780,
            3679376,
            3526149,
            3571610,
            3473487,
            3593352,
            3515291,
            3573995,
            3567890,
            3631894,
            3630846,
            3575018,
            3632398,
            3497881
        ],
        "rank_num_ghost_points_sent": [
            3704436,
            3708450,
            3693240,
            3663206,
            3612765,
            3711775,
            3540749,
            3599096,
            3585163,
            3280634,
            3623078,
            3469708,
            3555511,
            3473790,
            3492418,
            3470798
        ],
        "time": 1.2815523739999435
    },
    "covering_factor": 2.0,
    "dataset": "datasets/izbicki15/small/corel.fvecs",
    "dim": 32,
    "epsilon": 0.30000001192092896,
    "file_io_time": 0.007568310999999994,
    "leaf_size": 10,
    "num_points": 68040,
    "num_ranks": 16,
    "num_sites": 1024,
    "total_time": 28.88874149199978
}
