{
    "build_epsilon_graph": {
        "density": 552.0162963867188,
        "dist_comps": 1032295629,
        "num_edges": 37559190,
        "rank_dist_comps": [
            53548402,
            58598762,
            47929814,
            52895647,
            45935965,
            78516114,
            74176580,
            60280809,
            66198273,
            51110643,
            60257385,
            101438730,
            66566088,
            63629416,
            84215638,
            66997363
        ],
        "rank_num_edges": [
            2090531,
            1759015,
            2047275,
            1282308,
            1447126,
            2651476,
            2755183,
            1897340,
            2737918,
            1847581,
            2326344,
            3912764,
            2517488,
            2191081,
            3651368,
            2444392
        ],
        "sparsity": 0.008113114163279533,
        "time": 5.147247345999858
    },
    "build_ghost_trees": {
        "dist_comps": 13244352841,
        "rank_dist_comps": [
            803269745,
            902215914,
            802013269,
            858051500,
            783221948,
            818697958,
            772475173,
            875272067,
            814459186,
            781606143,
            800280358,
            833728529,
            903373416,
            868089135,
            832473673,
            795124827
        ],
        "time": 17.214378536999902
    },
    "build_greedy_net": {
        "dist_comps": 139345920,
        "net_sep": 0.22228531539440155,
        "rank_dist_comps": [
            8708096,
            8708096,
            8708096,
            8708096,
            8708096,
            8708096,
            8708096,
            8708096,
            8710144,
            8710144,
            8710144,
            8710144,
            8710144,
            8710144,
            8710144,
            8710144
        ],
        "time": 0.14967401800004154
    },
    "build_replication_tree": {
        "dist_comps": 1235355,
        "time": 0.03660045100014031,
        "verts": 3458
    },
    "compute_cell_assignments": {
        "time": 4.3494000237842556e-05
    },
    "compute_ghost_points": {
        "dist_comps": 372281737,
        "num_ghost_points": 61967439,
        "rank_dist_comps": [
            23306229,
            23353864,
            23348926,
            23348411,
            23335639,
            23351384,
            23334428,
            23325564,
            23290270,
            23260469,
            23322333,
            23304804,
            23065704,
            23154635,
            23148094,
            23030983
        ],
        "rank_num_ghost_points_recv": [
            3849734,
            4205497,
            3851164,
            4014696,
            3574223,
            3788159,
            3719101,
            4117661,
            3861397,
            3524345,
            3902403,
            3840185,
            4088552,
            3986305,
            3957947,
            3686070
        ],
        "rank_num_ghost_points_sent": [
            4349051,
            4199691,
            3914069,
            3848353,
            3651101,
            4023166,
            3720412,
            3843681,
            3955939,
            3139350,
            3988860,
            3706240,
            3964651,
            3790839,
            3939613,
            3932423
        ],
        "time": 2.0492866859999594
    },
    "covering_factor": 2.0,
    "dataset": "datasets/izbicki15/small/corel.fvecs",
    "dim": 32,
    "epsilon": 0.20000000298023224,
    "file_io_time": 0.007340438000028371,
    "leaf_size": 10,
    "num_points": 68040,
    "num_ranks": 16,
    "num_sites": 2048,
    "total_time": 24.604570970000168
}
