{
    "build_epsilon_graph": {
        "density": 552.0162963867188,
        "dist_comps": 1032295629,
        "num_edges": 37559190,
        "rank_dist_comps": [
            119746675,
            109709405,
            108187199,
            154334377,
            112502053,
            142145530,
            158392218,
            127278172
        ],
        "rank_num_edges": [
            4828449,
            3606596,
            4373619,
            5195072,
            3964614,
            4842557,
            6406551,
            4341732
        ],
        "sparsity": 0.008113114163279533,
        "time": 8.125225125999805
    },
    "build_ghost_trees": {
        "dist_comps": 13244352841,
        "rank_dist_comps": [
            1617728931,
            1683822057,
            1602293627,
            1691780029,
            1686595364,
            1686787093,
            1604948846,
            1670396894
        ],
        "time": 31.88259557399988
    },
    "build_greedy_net": {
        "dist_comps": 139345920,
        "net_sep": 0.22228531539440155,
        "rank_dist_comps": [
            17418240,
            17418240,
            17418240,
            17418240,
            17418240,
            17418240,
            17418240,
            17418240
        ],
        "time": 0.2728371309999602
    },
    "build_replication_tree": {
        "dist_comps": 1235355,
        "time": 0.03594468300025255,
        "verts": 3458
    },
    "compute_cell_assignments": {
        "time": 2.9115999950590776e-05
    },
    "compute_ghost_points": {
        "dist_comps": 372281737,
        "num_ghost_points": 61967439,
        "rank_dist_comps": [
            46665597,
            46702834,
            46692485,
            46665518,
            46544667,
            46622170,
            46214881,
            46173585
        ],
        "rank_num_ghost_points_recv": [
            7711131,
            7729842,
            7753567,
            7854881,
            7662775,
            7774464,
            7677048,
            7803731
        ],
        "rank_num_ghost_points_sent": [
            8550100,
            7763029,
            7674299,
            7565412,
            7092161,
            7694997,
            7755829,
            7871612
        ],
        "time": 3.5366877950000344
    },
    "covering_factor": 2.0,
    "dataset": "datasets/izbicki15/small/corel.fvecs",
    "dim": 32,
    "epsilon": 0.20000000298023224,
    "file_io_time": 0.008682684999712365,
    "leaf_size": 10,
    "num_points": 68040,
    "num_ranks": 8,
    "num_sites": 2048,
    "total_time": 43.862002109999594
}
