{
    "build_epsilon_graph": {
        "density": 3914.876953125,
        "dist_comps": 2257589515,
        "num_edges": 266368224,
        "rank_dist_comps": [
            120041930,
            131492339,
            108945258,
            113668210,
            103673530,
            169619474,
            155190037,
            129153191,
            146531075,
            113922284,
            130648989,
            217395343,
            147122750,
            140107732,
            184458114,
            145619259
        ],
        "rank_num_edges": [
            13597178,
            13692050,
            11782717,
            12606818,
            10957784,
            20875175,
            20667716,
            15397085,
            17434681,
            12635075,
            15484679,
            27791236,
            17351008,
            16169292,
            22548761,
            17376969
        ],
        "sparsity": 0.05753787234425545,
        "time": 15.191023072000007
    },
    "build_ghost_trees": {
        "dist_comps": 21699863085,
        "rank_dist_comps": [
            1352614030,
            1378035004,
            1385943080,
            1384645095,
            1352870316,
            1312504570,
            1335040636,
            1363111258,
            1389144022,
            1323507717,
            1343915246,
            1341222676,
            1377580873,
            1390173039,
            1344427036,
            1325128487
        ],
        "time": 27.44950072300003
    },
    "build_greedy_net": {
        "dist_comps": 139345920,
        "net_sep": 0.22228531539440155,
        "rank_dist_comps": [
            8708096,
            8708096,
            8708096,
            8708096,
            8708096,
            8708096,
            8708096,
            8708096,
            8710144,
            8710144,
            8710144,
            8710144,
            8710144,
            8710144,
            8710144,
            8710144
        ],
        "time": 0.15053969300004155
    },
    "build_replication_tree": {
        "dist_comps": 1235355,
        "time": 0.03710312400005478,
        "verts": 3458
    },
    "compute_cell_assignments": {
        "time": 4.667100006372493e-05
    },
    "compute_ghost_points": {
        "dist_comps": 374342633,
        "num_ghost_points": 114872220,
        "rank_dist_comps": [
            23401339,
            23405421,
            23405134,
            23405045,
            23404656,
            23405420,
            23403900,
            23402641,
            23406337,
            23404270,
            23407373,
            23405437,
            23374675,
            23386080,
            23376259,
            23348646
        ],
        "rank_num_ghost_points_recv": [
            7188301,
            7349661,
            7188621,
            7272191,
            7047136,
            7151582,
            7033210,
            7273223,
            7146329,
            7005898,
            7214506,
            7187038,
            7288550,
            7199035,
            7235747,
            7091192
        ],
        "rank_num_ghost_points_sent": [
            7400372,
            7490609,
            7438753,
            7376327,
            7251682,
            7469063,
            7145847,
            7239675,
            7200771,
            6567131,
            7268910,
            6934739,
            7121204,
            6983872,
            7021112,
            6962153
        ],
        "time": 2.9226621010000144
    },
    "covering_factor": 2.0,
    "dataset": "datasets/izbicki15/small/corel.fvecs",
    "dim": 32,
    "epsilon": 0.30000001192092896,
    "file_io_time": 0.007219784999961121,
    "leaf_size": 10,
    "num_points": 68040,
    "num_ranks": 16,
    "num_sites": 2048,
    "total_time": 45.75809516900017
}
