{
    "build_epsilon_graph": {
        "density": 552.0162963867188,
        "dist_comps": 1050932519,
        "num_edges": 37559190,
        "rank_dist_comps": [
            60269447,
            62773603,
            44185506,
            57549234,
            64050244,
            70741536,
            79185879,
            46481715,
            65094473,
            64412913,
            43012648,
            97764259,
            87913311,
            59880261,
            81881768,
            65735722
        ],
        "rank_num_edges": [
            2711332,
            1759661,
            1675263,
            1456590,
            2037672,
            2645660,
            2536629,
            1359907,
            2805078,
            2077148,
            1126938,
            3765023,
            3470346,
            1909114,
            3796309,
            2426520
        ],
        "sparsity": 0.008113114163279533,
        "time": 4.907606089000183
    },
    "build_ghost_trees": {
        "dist_comps": 7198084710,
        "rank_dist_comps": [
            433318253,
            485468096,
            415232231,
            474707757,
            460381789,
            445045406,
            417620157,
            454116945,
            413871010,
            450698638,
            422652840,
            468666147,
            514847590,
            459827425,
            469962231,
            411668195
        ],
        "time": 9.65790804900007
    },
    "build_greedy_net": {
        "dist_comps": 69672960,
        "net_sep": 0.26407158374786377,
        "rank_dist_comps": [
            4354048,
            4354048,
            4354048,
            4354048,
            4354048,
            4354048,
            4354048,
            4354048,
            4355072,
            4355072,
            4355072,
            4355072,
            4355072,
            4355072,
            4355072,
            4355072
        ],
        "time": 0.07512597499999174
    },
    "build_replication_tree": {
        "dist_comps": 37305,
        "time": 0.0013269999999465654,
        "verts": 1158
    },
    "compute_cell_assignments": {
        "time": 4.2753000343509484e-05
    },
    "compute_ghost_points": {
        "dist_comps": 148394896,
        "num_ghost_points": 31367907,
        "rank_dist_comps": [
            9273612,
            9273612,
            9273612,
            9273612,
            9273612,
            9273612,
            9273612,
            9273608,
            9275793,
            9275789,
            9275789,
            9275786,
            9275764,
            9275751,
            9275687,
            9275645
        ],
        "rank_num_ghost_points_recv": [
            1955842,
            2114092,
            1893643,
            2088471,
            1878314,
            1981193,
            1841186,
            2029989,
            1799485,
            1850110,
            1924894,
            2037630,
            2157044,
            1994764,
            2036534,
            1784716
        ],
        "rank_num_ghost_points_sent": [
            2208885,
            2104022,
            1970998,
            1943238,
            1851917,
            2029540,
            1865333,
            1933114,
            1997807,
            1618714,
            2026199,
            1892160,
            2015505,
            1921481,
            1990951,
            1998043
        ],
        "time": 0.8602049030000671
    },
    "covering_factor": 2.0,
    "dataset": "datasets/izbicki15/small/corel.fvecs",
    "dim": 32,
    "epsilon": 0.20000000298023224,
    "file_io_time": 0.008353768999768363,
    "leaf_size": 10,
    "num_points": 68040,
    "num_ranks": 16,
    "num_sites": 1024,
    "total_time": 15.51056853800037
}
