{
    "build_epsilon_graph": {
        "density": 24.039535522460938,
        "dist_comps": 266099289,
        "num_edges": 1635650,
        "rank_dist_comps": [
            7139290,
            7742286,
            8302172,
            7589439,
            5179672,
            5894421,
            13778780,
            6529751,
            10055928,
            7505642,
            9111283,
            13489631,
            7579663,
            8475891,
            9415951,
            7345092,
            5560457,
            6657544,
            3376348,
            6332895,
            5942443,
            16743315,
            6822545,
            9403468,
            5985338,
            5429420,
            6221284,
            13878558,
            8919719,
            7925400,
            11456412,
            10309251
        ],
        "rank_num_edges": [
            31091,
            22488,
            358070,
            12603,
            19535,
            19163,
            35665,
            32890,
            52634,
            35650,
            120424,
            46309,
            73184,
            32346,
            128437,
            42733,
            52915,
            28015,
            13824,
            8612,
            21034,
            26661,
            45167,
            24222,
            36517,
            27548,
            51371,
            49490,
            41341,
            62199,
            57836,
            25676
        ],
        "sparsity": 0.00035331473918631673,
        "time": 0.778653433999807
    },
    "build_ghost_trees": {
        "dist_comps": 1447838338,
        "rank_dist_comps": [
            45023557,
            55239622,
            44492002,
            53479960,
            35187046,
            34656050,
            42643485,
            40656976,
            50034200,
            37695424,
            50388118,
            39546561,
            36427522,
            51479560,
            55390022,
            39984551,
            34683411,
            46395874,
            26247130,
            44481081,
            32200055,
            53086542,
            57207913,
            66269336,
            40715065,
            30703034,
            47254166,
            49566118,
            57732382,
            59857082,
            48135205,
            40979288
        ],
        "time": 1.243814697000289
    },
    "build_greedy_net": {
        "dist_comps": 139345920,
        "net_sep": 0.22228531539440155,
        "rank_dist_comps": [
            4354048,
            4354048,
            4354048,
            4354048,
            4354048,
            4354048,
            4354048,
            4354048,
            4354048,
            4354048,
            4354048,
            4354048,
            4354048,
            4354048,
            4354048,
            4354048,
            4354048,
            4354048,
            4354048,
            4354048,
            4354048,
            4354048,
            4354048,
            4354048,
            4356096,
            4356096,
            4356096,
            4356096,
            4356096,
            4356096,
            4356096,
            4356096
        ],
        "time": 0.08633118099987769
    },
    "build_replication_tree": {
        "dist_comps": 1235355,
        "time": 0.036783967000246776,
        "verts": 3458
    },
    "compute_cell_assignments": {
        "time": 6.474600013461895e-05
    },
    "compute_ghost_points": {
        "dist_comps": 362820751,
        "num_ghost_points": 9317012,
        "rank_dist_comps": [
            11348194,
            11429500,
            11474599,
            11428993,
            11441495,
            11451924,
            11405232,
            11453477,
            11350362,
            11450502,
            11483028,
            11425110,
            11237568,
            11461791,
            11366738,
            11381513,
            11203300,
            11472691,
            11164956,
            11170265,
            11332265,
            11418912,
            11199690,
            11364097,
            11270938,
            11255256,
            11325045,
            11174786,
            11132779,
            11368411,
            11172488,
            11204846
        ],
        "rank_num_ghost_points_recv": [
            307159,
            325767,
            294952,
            318347,
            234999,
            247520,
            287465,
            267330,
            327925,
            250088,
            290091,
            283876,
            264909,
            315703,
            346508,
            268351,
            236901,
            303771,
            208104,
            289560,
            237840,
            321599,
            312205,
            387425,
            250904,
            235525,
            294024,
            342171,
            346446,
            354979,
            289536,
            275032
        ],
        "rank_num_ghost_points_sent": [
            347215,
            364031,
            352154,
            305832,
            315534,
            243828,
            278337,
            261784,
            222168,
            260756,
            309804,
            272748,
            250058,
            261664,
            279042,
            290771,
            273872,
            330270,
            233821,
            208977,
            295778,
            314260,
            279461,
            299355,
            310887,
            308116,
            316827,
            268859,
            303068,
            327164,
            324462,
            306109
        ],
        "time": 0.5237336860000141
    },
    "covering_factor": 2.0,
    "dataset": "datasets/izbicki15/small/corel.fvecs",
    "dim": 32,
    "epsilon": 0.10000000149011612,
    "file_io_time": 0.007495086999824707,
    "leaf_size": 10,
    "num_points": 68040,
    "num_ranks": 32,
    "num_sites": 2048,
    "total_time": 2.676876798000194
}
