{
    "build_epsilon_graph": {
        "density": 552.0162963867188,
        "dist_comps": 1051188982,
        "num_edges": 37559190,
        "rank_dist_comps": [
            62041076,
            27131335,
            34613808,
            27700428,
            30610195,
            20523412,
            9847824,
            7968704,
            19088081,
            7940166,
            14659474,
            77445970,
            32512619,
            36890657,
            31525684,
            25643080,
            18528069,
            50261529,
            26929576,
            12126966,
            21009479,
            41800511,
            40508145,
            72405442,
            42389241,
            18975069,
            45979248,
            34076104,
            37791611,
            23900684,
            82408708,
            15956087
        ],
        "rank_num_edges": [
            2147362,
            901362,
            1401120,
            997942,
            647166,
            382191,
            252991,
            354122,
            521054,
            339891,
            495049,
            2957320,
            1767466,
            842250,
            1026441,
            809519,
            806573,
            1288567,
            708522,
            229603,
            736424,
            1379973,
            1187432,
            2390614,
            1856792,
            614081,
            1456280,
            1449743,
            1448890,
            1178612,
            4353690,
            630148
        ],
        "sparsity": 0.008113114163279533,
        "time": 4.237231332999727
    },
    "build_ghost_trees": {
        "dist_comps": 3872832629,
        "rank_dist_comps": [
            137635071,
            133222291,
            151912128,
            157426662,
            116754052,
            124691987,
            92204649,
            106560828,
            111562982,
            98880608,
            97561064,
            136034767,
            114026242,
            130184747,
            149816464,
            120710754,
            100001277,
            118793369,
            85069646,
            108749724,
            104772208,
            122458289,
            141901010,
            119179440,
            114775754,
            167315451,
            135186085,
            123041914,
            128073354,
            108648246,
            104457837,
            111223729
        ],
        "time": 3.049603138999828
    },
    "build_greedy_net": {
        "dist_comps": 34836480,
        "net_sep": 0.3152930736541748,
        "rank_dist_comps": [
            1088512,
            1088512,
            1088512,
            1088512,
            1088512,
            1088512,
            1088512,
            1088512,
            1088512,
            1088512,
            1088512,
            1088512,
            1088512,
            1088512,
            1088512,
            1088512,
            1088512,
            1088512,
            1088512,
            1088512,
            1088512,
            1088512,
            1088512,
            1088512,
            1089024,
            1089024,
            1089024,
            1089024,
            1089024,
            1089024,
            1089024,
            1089024
        ],
        "time": 0.02357812499985812
    },
    "build_replication_tree": {
        "dist_comps": 19966,
        "time": 0.0007546310002908285,
        "verts": 646
    },
    "compute_cell_assignments": {
        "time": 5.0877999910881044e-05
    },
    "compute_ghost_points": {
        "dist_comps": 78721936,
        "num_ghost_points": 15850067,
        "rank_dist_comps": [
            2459782,
            2459782,
            2459782,
            2459782,
            2459782,
            2459782,
            2459782,
            2459782,
            2459782,
            2459782,
            2459782,
            2459782,
            2459782,
            2459782,
            2459782,
            2459778,
            2459782,
            2459782,
            2459778,
            2459782,
            2459778,
            2459782,
            2459779,
            2459778,
            2460919,
            2460930,
            2460930,
            2460906,
            2460837,
            2460935,
            2460855,
            2460875
        ],
        "rank_num_ghost_points_recv": [
            588389,
            590620,
            581119,
            580219,
            465934,
            520146,
            384321,
            447446,
            476087,
            400079,
            450911,
            532583,
            484573,
            502563,
            596909,
            454596,
            427129,
            488461,
            354817,
            426473,
            412565,
            462410,
            599547,
            476340,
            517593,
            596274,
            546006,
            476057,
            596717,
            457013,
            500645,
            455525
        ],
        "rank_num_ghost_points_sent": [
            537262,
            564533,
            551222,
            506527,
            523959,
            474874,
            506449,
            485386,
            451922,
            494738,
            535175,
            494761,
            449239,
            504657,
            487792,
            497792,
            450705,
            552358,
            432633,
            393209,
            500510,
            530542,
            443090,
            499563,
            517279,
            501368,
            502059,
            461164,
            474291,
            521775,
            514793,
            488440
        ],
        "time": 0.3247765999999501
    },
    "covering_factor": 2.0,
    "dataset": "datasets/izbicki15/small/corel.fvecs",
    "dim": 32,
    "epsilon": 0.20000000298023224,
    "file_io_time": 0.0076013430002603855,
    "leaf_size": 10,
    "num_points": 68040,
    "num_ranks": 32,
    "num_sites": 512,
    "total_time": 7.643596048999825
}
