{
    "build_epsilon_graph": {
        "density": 552.0162963867188,
        "dist_comps": 1051188982,
        "num_edges": 37559190,
        "rank_dist_comps": [
            80569145,
            77392864,
            61543384,
            39827394,
            51619674,
            62323923,
            50355969,
            80374146,
            61477322,
            26915235,
            60638722,
            111522074,
            70304230,
            60791341,
            113934392,
            41599167
        ],
        "rank_num_edges": [
            2953935,
            2189929,
            2109642,
            1227545,
            1383590,
            1762164,
            1440423,
            2744736,
            2377846,
            953972,
            1951329,
            4407063,
            3216356,
            2020862,
            5380131,
            1439667
        ],
        "sparsity": 0.008113114163279533,
        "time": 5.796710369999801
    },
    "build_ghost_trees": {
        "dist_comps": 3872832629,
        "rank_dist_comps": [
            237636348,
            252015660,
            236981774,
            266176386,
            221526260,
            247150276,
            234105659,
            225740268,
            226338736,
            266196059,
            232747149,
            259076681,
            242099596,
            238832993,
            254274301,
            231934483
        ],
        "time": 4.856225015999826
    },
    "build_greedy_net": {
        "dist_comps": 34836480,
        "net_sep": 0.3152930736541748,
        "rank_dist_comps": [
            2177024,
            2177024,
            2177024,
            2177024,
            2177024,
            2177024,
            2177024,
            2177024,
            2177536,
            2177536,
            2177536,
            2177536,
            2177536,
            2177536,
            2177536,
            2177536
        ],
        "time": 0.03860147400018832
    },
    "build_replication_tree": {
        "dist_comps": 19966,
        "time": 0.0007291020001503057,
        "verts": 646
    },
    "compute_cell_assignments": {
        "time": 3.336400004627649e-05
    },
    "compute_ghost_points": {
        "dist_comps": 78721936,
        "num_ghost_points": 15850067,
        "rank_dist_comps": [
            4919564,
            4919564,
            4919564,
            4919564,
            4919564,
            4919564,
            4919564,
            4919560,
            4920721,
            4920717,
            4920717,
            4920714,
            4920692,
            4920679,
            4920615,
            4920573
        ],
        "rank_num_ghost_points_recv": [
            1015518,
            1079081,
            935936,
            1006692,
            878499,
            982556,
            983868,
            923786,
            993680,
            996353,
            996917,
            1008640,
            1081290,
            959576,
            1097554,
            910121
        ],
        "rank_num_ghost_points_sent": [
            1101795,
            1057749,
            998833,
            991835,
            946660,
            1029936,
            953896,
            985584,
            1003406,
            825585,
            1031786,
            942956,
            1018582,
            962764,
            995723,
            1002977
        ],
        "time": 0.45716131100016355
    },
    "covering_factor": 2.0,
    "dataset": "datasets/izbicki15/small/corel.fvecs",
    "dim": 32,
    "epsilon": 0.20000000298023224,
    "file_io_time": 0.007289689000117505,
    "leaf_size": 10,
    "num_points": 68040,
    "num_ranks": 16,
    "num_sites": 512,
    "total_time": 11.156750326000292
}
