{
    "build_epsilon_graph": {
        "density": 24.039535522460938,
        "dist_comps": 303620950,
        "num_edges": 1635650,
        "rank_dist_comps": [
            39050610,
            30087721,
            36485747,
            44660020,
            33362070,
            34982590,
            48189197,
            36802995
        ],
        "rank_num_edges": [
            190154,
            92602,
            450678,
            124145,
            228551,
            174083,
            270350,
            105087
        ],
        "sparsity": 0.00035331473918631673,
        "time": 2.253166859999965
    },
    "build_ghost_trees": {
        "dist_comps": 486109642,
        "rank_dist_comps": [
            62729685,
            54431138,
            58728201,
            53812272,
            57058498,
            69544430,
            64928924,
            64876494
        ],
        "time": 1.2811907340001198
    },
    "build_greedy_net": {
        "dist_comps": 34836480,
        "net_sep": 0.3152930736541748,
        "rank_dist_comps": [
            4354560,
            4354560,
            4354560,
            4354560,
            4354560,
            4354560,
            4354560,
            4354560
        ],
        "time": 0.0697807090000424
    },
    "build_replication_tree": {
        "dist_comps": 19966,
        "time": 0.0007336200001191173,
        "verts": 646
    },
    "compute_cell_assignments": {
        "time": 2.907699990828405e-05
    },
    "compute_ghost_points": {
        "dist_comps": 78695830,
        "num_ghost_points": 2802647,
        "rank_dist_comps": [
            9839396,
            9840002,
            9839828,
            9839664,
            9838371,
            9838983,
            9831096,
            9828490
        ],
        "rank_num_ghost_points_recv": [
            351738,
            336105,
            330246,
            343056,
            359529,
            348658,
            384360,
            348955
        ],
        "rank_num_ghost_points_sent": [
            399417,
            336786,
            333009,
            332076,
            318550,
            358181,
            357623,
            367005
        ],
        "time": 0.3351539660002345
    },
    "covering_factor": 2.0,
    "dataset": "datasets/izbicki15/small/corel.fvecs",
    "dim": 32,
    "epsilon": 0.10000000149011612,
    "file_io_time": 0.007707377999849996,
    "leaf_size": 10,
    "num_points": 68040,
    "num_ranks": 8,
    "num_sites": 512,
    "total_time": 3.947762344000239
}
