{
    "build_epsilon_graph": {
        "density": 24.039535522460938,
        "dist_comps": 285851966,
        "num_edges": 1635650,
        "rank_dist_comps": [
            15458595,
            16725756,
            11481035,
            15245524,
            18117144,
            19817562,
            23591755,
            11553378,
            16950503,
            18983122,
            10796628,
            26234832,
            23906117,
            15496508,
            22363166,
            19130341
        ],
        "rank_num_edges": [
            125336,
            46996,
            393354,
            21940,
            42141,
            49309,
            94035,
            38194,
            103595,
            42863,
            24661,
            100268,
            164588,
            95510,
            201826,
            91034
        ],
        "sparsity": 0.00035331473918631673,
        "time": 1.2242059589998462
    },
    "build_ghost_trees": {
        "dist_comps": 861441078,
        "rank_dist_comps": [
            50020969,
            60486074,
            47403481,
            57708190,
            51126124,
            58493467,
            63756174,
            55814657,
            45422774,
            43311991,
            48066719,
            60743146,
            60633126,
            54309240,
            50458611,
            53686335
        ],
        "time": 1.1708756790003463
    },
    "build_greedy_net": {
        "dist_comps": 69672960,
        "net_sep": 0.26407158374786377,
        "rank_dist_comps": [
            4354048,
            4354048,
            4354048,
            4354048,
            4354048,
            4354048,
            4354048,
            4354048,
            4355072,
            4355072,
            4355072,
            4355072,
            4355072,
            4355072,
            4355072,
            4355072
        ],
        "time": 0.07572159300025305
    },
    "build_replication_tree": {
        "dist_comps": 37305,
        "time": 0.0013661750003848283,
        "verts": 1158
    },
    "compute_cell_assignments": {
        "time": 3.351500026838039e-05
    },
    "compute_ghost_points": {
        "dist_comps": 148365909,
        "num_ghost_points": 5153854,
        "rank_dist_comps": [
            9272812,
            9273450,
            9273436,
            9273489,
            9273343,
            9273409,
            9273358,
            9273165,
            9274823,
            9274785,
            9275130,
            9275034,
            9269802,
            9271750,
            9270751,
            9267372
        ],
        "rank_num_ghost_points_recv": [
            307475,
            332435,
            293418,
            350115,
            313240,
            317229,
            332744,
            333512,
            275872,
            271919,
            297638,
            380928,
            380183,
            335085,
            331823,
            300238
        ],
        "rank_num_ghost_points_sent": [
            392439,
            360339,
            303841,
            298966,
            270146,
            317424,
            281824,
            306762,
            329730,
            252867,
            339768,
            326431,
            346003,
            327397,
            349914,
            350003
        ],
        "time": 0.3395225690001098
    },
    "covering_factor": 2.0,
    "dataset": "datasets/izbicki15/small/corel.fvecs",
    "dim": 32,
    "epsilon": 0.10000000149011612,
    "file_io_time": 0.007261434999691119,
    "leaf_size": 10,
    "num_points": 68040,
    "num_ranks": 16,
    "num_sites": 1024,
    "total_time": 2.8189869250008996
}
