{
    "build_epsilon_graph": {
        "density": 3914.876953125,
        "dist_comps": 2255075501,
        "num_edges": 266368224,
        "rank_dist_comps": [
            174635915,
            165351029,
            132448077,
            86494233,
            111568892,
            132547628,
            109957227,
            166272502,
            134546694,
            60990133,
            122407478,
            237306551,
            150373336,
            134588929,
            245255890,
            90330987
        ],
        "rank_num_edges": [
            19831774,
            19063800,
            14348556,
            9757837,
            11464953,
            14939605,
            11343361,
            22087400,
            15732103,
            6328986,
            15801497,
            31245763,
            18645023,
            13763388,
            31652083,
            10362095
        ],
        "sparsity": 0.05753787234425545,
        "time": 15.284134977000008
    },
    "build_ghost_trees": {
        "dist_comps": 5828065457,
        "rank_dist_comps": [
            368938944,
            342207976,
            366246173,
            362612450,
            359529395,
            352675193,
            345300861,
            386549601,
            369232727,
            353606041,
            376298981,
            366006131,
            352766377,
            368258597,
            391742423,
            366093587
        ],
        "time": 7.455290059000049
    },
    "build_greedy_net": {
        "dist_comps": 34836480,
        "net_sep": 0.3152930736541748,
        "rank_dist_comps": [
            2177024,
            2177024,
            2177024,
            2177024,
            2177024,
            2177024,
            2177024,
            2177024,
            2177536,
            2177536,
            2177536,
            2177536,
            2177536,
            2177536,
            2177536,
            2177536
        ],
        "time": 0.03937381600002254
    },
    "build_replication_tree": {
        "dist_comps": 19966,
        "time": 0.0008050210000192237,
        "verts": 646
    },
    "compute_cell_assignments": {
        "time": 3.651100001889063e-05
    },
    "compute_ghost_points": {
        "dist_comps": 78722280,
        "num_ghost_points": 28333368,
        "rank_dist_comps": [
            4919564,
            4919564,
            4919564,
            4919564,
            4919564,
            4919564,
            4919564,
            4919564,
            4920721,
            4920721,
            4920721,
            4920721,
            4920721,
            4920721,
            4920721,
            4920721
        ],
        "rank_num_ghost_points_recv": [
            1804327,
            1775443,
            1746704,
            1796131,
            1716998,
            1757576,
            1697223,
            1764141,
            1759932,
            1763221,
            1797745,
            1784807,
            1796038,
            1773578,
            1835465,
            1764039
        ],
        "rank_num_ghost_points_sent": [
            1827012,
            1837786,
            1830292,
            1818323,
            1791434,
            1840912,
            1763171,
            1781754,
            1772037,
            1638805,
            1796287,
            1705819,
            1759164,
            1717589,
            1729622,
            1723361
        ],
        "time": 0.6432261810000455
    },
    "covering_factor": 2.0,
    "dataset": "datasets/izbicki15/small/corel.fvecs",
    "dim": 32,
    "epsilon": 0.30000001192092896,
    "file_io_time": 0.007235025999989375,
    "leaf_size": 10,
    "num_points": 68040,
    "num_ranks": 16,
    "num_sites": 512,
    "total_time": 23.430101591000152
}
