{
    "build_epsilon_graph": {
        "density": 24.039535522460938,
        "dist_comps": 285851966,
        "num_edges": 1635650,
        "rank_dist_comps": [
            32409098,
            35708878,
            22277663,
            41480356,
            42023261,
            35314070,
            45954921,
            30683719
        ],
        "rank_num_edges": [
            228931,
            89859,
            418015,
            122208,
            206729,
            144819,
            295861,
            129228
        ],
        "sparsity": 0.00035331473918631673,
        "time": 2.151498149999952
    },
    "build_ghost_trees": {
        "dist_comps": 861441078,
        "rank_dist_comps": [
            95443743,
            103798065,
            95470200,
            118451336,
            111759250,
            112802707,
            114214785,
            109500992
        ],
        "time": 2.2612709569998515
    },
    "build_greedy_net": {
        "dist_comps": 69672960,
        "net_sep": 0.26407158374786377,
        "rank_dist_comps": [
            8709120,
            8709120,
            8709120,
            8709120,
            8709120,
            8709120,
            8709120,
            8709120
        ],
        "time": 0.13817162199984523
    },
    "build_replication_tree": {
        "dist_comps": 37305,
        "time": 0.0012939459998051461,
        "verts": 1158
    },
    "compute_cell_assignments": {
        "time": 2.0910000330331968e-05
    },
    "compute_ghost_points": {
        "dist_comps": 148365909,
        "num_ghost_points": 5153854,
        "rank_dist_comps": [
            18548443,
            18549106,
            18548933,
            18548704,
            18547422,
            18547988,
            18539371,
            18535942
        ],
        "rank_num_ghost_points_recv": [
            583347,
            604354,
            591056,
            731043,
            693423,
            652314,
            664567,
            633750
        ],
        "rank_num_ghost_points_sent": [
            752829,
            602914,
            587619,
            588633,
            582356,
            666192,
            673450,
            699861
        ],
        "time": 0.5938952920000702
    },
    "covering_factor": 2.0,
    "dataset": "datasets/izbicki15/small/corel.fvecs",
    "dim": 32,
    "epsilon": 0.10000000149011612,
    "file_io_time": 0.007943916000385798,
    "leaf_size": 10,
    "num_points": 68040,
    "num_ranks": 8,
    "num_sites": 1024,
    "total_time": 5.15409479300024
}
