{
    "build_epsilon_graph": {
        "density": 3914.876953125,
        "dist_comps": 2257589515,
        "num_edges": 266368224,
        "rank_dist_comps": [
            68359569,
            68996624,
            70526478,
            59766088,
            50246895,
            56697411,
            96078787,
            53960938,
            86964790,
            65896266,
            70527755,
            108037504,
            74249100,
            73424971,
            81252396,
            62761614,
            51682361,
            62495715,
            38418780,
            53902122,
            53426635,
            112922063,
            59111250,
            75192253,
            59566285,
            48026018,
            60121234,
            109357839,
            72873650,
            66682761,
            103205718,
            82857645
        ],
        "rank_num_edges": [
            7763845,
            7069579,
            8271757,
            6928793,
            4982087,
            5585218,
            13781594,
            6283465,
            10601764,
            7428879,
            8537060,
            14006545,
            8444716,
            8682142,
            9647424,
            7390812,
            5833333,
            6622471,
            3510960,
            5678025,
            5975697,
            15289957,
            6886122,
            9113620,
            6832917,
            5206196,
            6947619,
            13784691,
            8906292,
            7487150,
            12901337,
            9986157
        ],
        "sparsity": 0.05753787234425545,
        "time": 7.773750348000021
    },
    "build_ghost_trees": {
        "dist_comps": 21699863085,
        "rank_dist_comps": [
            678069333,
            711027609,
            689722533,
            682145053,
            672850292,
            654651952,
            664266919,
            688794140,
            716449978,
            676576006,
            679049788,
            671402740,
            677153336,
            699945491,
            680523998,
            650137695,
            674544697,
            667007395,
            696220547,
            702500042,
            680020024,
            657852618,
            670773717,
            674317118,
            672694044,
            646931711,
            664865458,
            669819936,
            700427537,
            690227548,
            663903038,
            674990792
        ],
        "time": 14.314583046999985
    },
    "build_greedy_net": {
        "dist_comps": 139345920,
        "net_sep": 0.22228531539440155,
        "rank_dist_comps": [
            4354048,
            4354048,
            4354048,
            4354048,
            4354048,
            4354048,
            4354048,
            4354048,
            4354048,
            4354048,
            4354048,
            4354048,
            4354048,
            4354048,
            4354048,
            4354048,
            4354048,
            4354048,
            4354048,
            4354048,
            4354048,
            4354048,
            4354048,
            4354048,
            4356096,
            4356096,
            4356096,
            4356096,
            4356096,
            4356096,
            4356096,
            4356096
        ],
        "time": 0.08604487100001279
    },
    "build_replication_tree": {
        "dist_comps": 1235355,
        "time": 0.036732800000038424,
        "verts": 3458
    },
    "compute_cell_assignments": {
        "time": 6.172999997033912e-05
    },
    "compute_ghost_points": {
        "dist_comps": 374342633,
        "num_ghost_points": 114872220,
        "rank_dist_comps": [
            11700415,
            11700924,
            11702722,
            11702699,
            11702184,
            11702950,
            11702268,
            11702777,
            11701968,
            11702688,
            11702966,
            11702454,
            11701652,
            11702248,
            11701406,
            11701235,
            11698052,
            11702780,
            11698891,
            11699907,
            11700176,
            11701659,
            11699755,
            11700179,
            11687424,
            11692754,
            11705008,
            11686577,
            11675397,
            11706367,
            11671861,
            11682290
        ],
        "rank_num_ghost_points_recv": [
            3712237,
            3711552,
            3665058,
            3691656,
            3473073,
            3615542,
            3451920,
            3659461,
            3624862,
            3504703,
            3577714,
            3597954,
            3563884,
            3591104,
            3659880,
            3488784,
            3476064,
            3638109,
            3523563,
            3580535,
            3574063,
            3536040,
            3581290,
            3613762,
            3521467,
            3501195,
            3636792,
            3589084,
            3724666,
            3607931,
            3575867,
            3602408
        ],
        "rank_num_ghost_points_sent": [
            3643188,
            3757184,
            3806408,
            3684201,
            3735345,
            3703408,
            3673291,
            3703036,
            3536316,
            3715366,
            3792087,
            3676976,
            3395183,
            3750664,
            3596568,
            3643107,
            3398336,
            3800445,
            3326374,
            3242421,
            3564343,
            3699078,
            3327071,
            3606945,
            3578293,
            3543468,
            3572345,
            3413550,
            3379230,
            3643901,
            3472657,
            3491435
        ],
        "time": 1.987863161000007
    },
    "covering_factor": 2.0,
    "dataset": "datasets/izbicki15/small/corel.fvecs",
    "dim": 32,
    "epsilon": 0.30000001192092896,
    "file_io_time": 0.007600171999968097,
    "leaf_size": 10,
    "num_points": 68040,
    "num_ranks": 32,
    "num_sites": 2048,
    "total_time": 24.206636129000003
}
