{
    "build_epsilon_graph": {
        "density": 24.039535522460938,
        "dist_comps": 303620950,
        "num_edges": 1635650,
        "rank_dist_comps": [
            22144534,
            23546426,
            18479623,
            10952956,
            14573424,
            17852304,
            13766051,
            25015060,
            16906076,
            6541295,
            18006124,
            33707064,
            18788646,
            17130286,
            34423146,
            11787935
        ],
        "rank_num_edges": [
            107413,
            60754,
            420897,
            25658,
            40650,
            29017,
            100391,
            62925,
            82741,
            31848,
            29781,
            98487,
            187901,
            145066,
            169959,
            42162
        ],
        "sparsity": 0.00035331473918631673,
        "time": 1.6088374679998196
    },
    "build_ghost_trees": {
        "dist_comps": 486109642,
        "rank_dist_comps": [
            33343815,
            37698924,
            28552536,
            22730664,
            21879684,
            41756224,
            34462757,
            32371810,
            29385870,
            16732214,
            30175665,
            31081608,
            35178814,
            27788206,
            30466167,
            32504684
        ],
        "time": 0.7511679530002766
    },
    "build_greedy_net": {
        "dist_comps": 34836480,
        "net_sep": 0.3152930736541748,
        "rank_dist_comps": [
            2177024,
            2177024,
            2177024,
            2177024,
            2177024,
            2177024,
            2177024,
            2177024,
            2177536,
            2177536,
            2177536,
            2177536,
            2177536,
            2177536,
            2177536,
            2177536
        ],
        "time": 0.03927371800000401
    },
    "build_replication_tree": {
        "dist_comps": 19966,
        "time": 0.0007541820000369626,
        "verts": 646
    },
    "compute_cell_assignments": {
        "time": 3.229200001442223e-05
    },
    "compute_ghost_points": {
        "dist_comps": 78695830,
        "num_ghost_points": 2802647,
        "rank_dist_comps": [
            4918820,
            4919419,
            4919400,
            4919445,
            4919298,
            4919373,
            4919341,
            4919166,
            4919772,
            4919761,
            4920095,
            4920040,
            4915210,
            4917043,
            4916275,
            4913372
        ],
        "rank_num_ghost_points_recv": [
            184750,
            212263,
            154312,
            140589,
            136049,
            186927,
            189773,
            185264,
            166988,
            123842,
            175934,
            202467,
            223480,
            161731,
            194587,
            163691
        ],
        "rank_num_ghost_points_sent": [
            208079,
            191273,
            169443,
            167326,
            154771,
            178211,
            158203,
            173850,
            178300,
            140363,
            187018,
            171158,
            184557,
            173057,
            182082,
            184956
        ],
        "time": 0.19081582099988736
    },
    "covering_factor": 2.0,
    "dataset": "datasets/izbicki15/small/corel.fvecs",
    "dim": 32,
    "epsilon": 0.10000000149011612,
    "file_io_time": 0.007386666999991576,
    "leaf_size": 10,
    "num_points": 68040,
    "num_ranks": 16,
    "num_sites": 512,
    "total_time": 2.5982681010000306
}
