{
    "build_epsilon_graph": {
        "density": 3914.876953125,
        "dist_comps": 2255075501,
        "num_edges": 266368224,
        "rank_dist_comps": [
            132152769,
            63248287,
            74994388,
            57451975,
            66178700,
            43579938,
            22606958,
            20073135,
            41208490,
            20035016,
            33443878,
            159351287,
            71393016,
            79574897,
            68107203,
            56635318,
            42483146,
            102102742,
            57453689,
            29042258,
            45390192,
            88967690,
            87350269,
            146199367,
            93338204,
            40955117,
            88963600,
            77955264,
            78980320,
            55014032,
            177148687,
            33695669
        ],
        "rank_num_edges": [
            15510541,
            5722838,
            8027946,
            7535879,
            6389519,
            4297370,
            2201380,
            1751410,
            4636514,
            1716958,
            3259317,
            22301384,
            8886034,
            8165835,
            7603964,
            6245030,
            4321233,
            13340962,
            6320610,
            2221958,
            5075434,
            10642235,
            9141981,
            20335990,
            11095589,
            4612028,
            12542180,
            8944379,
            9758989,
            5597553,
            24048119,
            4117065
        ],
        "sparsity": 0.05753787234425545,
        "time": 10.764932945999988
    },
    "build_ghost_trees": {
        "dist_comps": 5828065457,
        "rank_dist_comps": [
            190910174,
            177350023,
            173187462,
            178509160,
            174230215,
            174386012,
            169875457,
            200447227,
            193491711,
            179165053,
            189785416,
            175724734,
            170546438,
            188367216,
            187928032,
            175735769,
            178028770,
            164857953,
            193058711,
            184103290,
            185299180,
            178289181,
            175425404,
            186102374,
            175741016,
            174440988,
            186513565,
            190281397,
            182219939,
            179891381,
            203814391,
            190357818
        ],
        "time": 3.9450609030000123
    },
    "build_greedy_net": {
        "dist_comps": 34836480,
        "net_sep": 0.3152930736541748,
        "rank_dist_comps": [
            1088512,
            1088512,
            1088512,
            1088512,
            1088512,
            1088512,
            1088512,
            1088512,
            1088512,
            1088512,
            1088512,
            1088512,
            1088512,
            1088512,
            1088512,
            1088512,
            1088512,
            1088512,
            1088512,
            1088512,
            1088512,
            1088512,
            1088512,
            1088512,
            1089024,
            1089024,
            1089024,
            1089024,
            1089024,
            1089024,
            1089024,
            1089024
        ],
        "time": 0.02312493199997334
    },
    "build_replication_tree": {
        "dist_comps": 19966,
        "time": 0.0007422369999972034,
        "verts": 646
    },
    "compute_cell_assignments": {
        "time": 5.320299999311828e-05
    },
    "compute_ghost_points": {
        "dist_comps": 78722280,
        "num_ghost_points": 28333368,
        "rank_dist_comps": [
            2459782,
            2459782,
            2459782,
            2459782,
            2459782,
            2459782,
            2459782,
            2459782,
            2459782,
            2459782,
            2459782,
            2459782,
            2459782,
            2459782,
            2459782,
            2459782,
            2459782,
            2459782,
            2459782,
            2459782,
            2459782,
            2459782,
            2459782,
            2459782,
            2460939,
            2460939,
            2460939,
            2460939,
            2460939,
            2460939,
            2460939,
            2460939
        ],
        "rank_num_ghost_points_recv": [
            951373,
            918489,
            916724,
            929630,
            866381,
            880769,
            821506,
            878599,
            879070,
            836032,
            875525,
            904683,
            863730,
            875627,
            924287,
            875042,
            852954,
            856954,
            829980,
            866501,
            850617,
            876807,
            875717,
            885542,
            880862,
            927189,
            922220,
            880124,
            932308,
            897951,
            911178,
            888997
        ],
        "rank_num_ghost_points_sent": [
            899920,
            927092,
            929239,
            908547,
            917857,
            912435,
            906788,
            911535,
            877463,
            913971,
            934404,
            906508,
            844420,
            918751,
            884569,
            897185,
            834356,
            937197,
            828250,
            810533,
            880949,
            914456,
            817508,
            888183,
            886264,
            872970,
            879788,
            838316,
            834508,
            895580,
            864755,
            859071
        ],
        "time": 0.4645893059999935
    },
    "covering_factor": 2.0,
    "dataset": "datasets/izbicki15/small/corel.fvecs",
    "dim": 32,
    "epsilon": 0.30000001192092896,
    "file_io_time": 0.007654417000026115,
    "leaf_size": 10,
    "num_points": 68040,
    "num_ranks": 32,
    "num_sites": 512,
    "total_time": 15.206157943999983
}
