{
    "build_epsilon_graph": {
        "density": 24.039535522460938,
        "dist_comps": 303620950,
        "num_edges": 1635650,
        "rank_dist_comps": [
            17262760,
            6509170,
            10038763,
            8380435,
            8746312,
            5780652,
            2455596,
            1667896,
            5796168,
            1667908,
            3642052,
            24646934,
            8434655,
            11192344,
            9080191,
            7363731,
            4881774,
            17037256,
            8440860,
            2572521,
            5827112,
            12071652,
            11310455,
            23347164,
            11109908,
            4873387,
            14364072,
            9060130,
            10353991,
            5937942,
            25342955,
            4424204
        ],
        "rank_num_edges": [
            56713,
            45300,
            406049,
            20528,
            10362,
            5018,
            13724,
            36797,
            24467,
            20853,
            14747,
            56858,
            119554,
            12462,
            16535,
            24189,
            50700,
            15454,
            14848,
            5130,
            30288,
            23999,
            86667,
            26128,
            58274,
            10995,
            15034,
            41629,
            68347,
            132604,
            153424,
            17973
        ],
        "sparsity": 0.00035331473918631673,
        "time": 1.1874678649996895
    },
    "build_ghost_trees": {
        "dist_comps": 486109642,
        "rank_dist_comps": [
            21141820,
            17554799,
            18941918,
            13465729,
            14190917,
            17341381,
            8491277,
            7443636,
            12974932,
            5767063,
            13369343,
            21250292,
            15023889,
            18311516,
            15185485,
            18950514,
            12201995,
            20144125,
            9610618,
            9264935,
            7688767,
            24414843,
            25971480,
            24928174,
            16410938,
            10965151,
            16806322,
            9831316,
            20154925,
            9476690,
            15280682,
            13554170
        ],
        "time": 0.4811528959999123
    },
    "build_greedy_net": {
        "dist_comps": 34836480,
        "net_sep": 0.3152930736541748,
        "rank_dist_comps": [
            1088512,
            1088512,
            1088512,
            1088512,
            1088512,
            1088512,
            1088512,
            1088512,
            1088512,
            1088512,
            1088512,
            1088512,
            1088512,
            1088512,
            1088512,
            1088512,
            1088512,
            1088512,
            1088512,
            1088512,
            1088512,
            1088512,
            1088512,
            1088512,
            1089024,
            1089024,
            1089024,
            1089024,
            1089024,
            1089024,
            1089024,
            1089024
        ],
        "time": 0.023264784999810217
    },
    "build_replication_tree": {
        "dist_comps": 19966,
        "time": 0.0007463639999514271,
        "verts": 646
    },
    "compute_cell_assignments": {
        "time": 5.411499978436041e-05
    },
    "compute_ghost_points": {
        "dist_comps": 78695830,
        "num_ghost_points": 2802647,
        "rank_dist_comps": [
            2459407,
            2459413,
            2459677,
            2459742,
            2459629,
            2459771,
            2459722,
            2459723,
            2459611,
            2459687,
            2459737,
            2459636,
            2459705,
            2459636,
            2459584,
            2459582,
            2458898,
            2459717,
            2459265,
            2459339,
            2459309,
            2459629,
            2459467,
            2459416,
            2457880,
            2458487,
            2460491,
            2457709,
            2456843,
            2460589,
            2456869,
            2457660
        ],
        "rank_num_ghost_points_recv": [
            119090,
            102419,
            102657,
            81771,
            78120,
            91135,
            59108,
            66222,
            80748,
            43199,
            73401,
            124800,
            91071,
            103372,
            94565,
            90249,
            65660,
            109844,
            51655,
            58818,
            57929,
            95792,
            130665,
            119042,
            86240,
            80643,
            102533,
            77667,
            132409,
            58359,
            100022,
            73442
        ],
        "rank_num_ghost_points_sent": [
            102808,
            105271,
            100220,
            91053,
            94150,
            75293,
            86371,
            80955,
            73756,
            81015,
            94690,
            83521,
            77866,
            80337,
            85556,
            88294,
            79865,
            98378,
            73098,
            67304,
            90514,
            96347,
            81567,
            89524,
            92920,
            91676,
            92097,
            81070,
            86737,
            95406,
            97231,
            87757
        ],
        "time": 0.1072579130000122
    },
    "covering_factor": 2.0,
    "dataset": "datasets/izbicki15/small/corel.fvecs",
    "dim": 32,
    "epsilon": 0.10000000149011612,
    "file_io_time": 0.007587316000353894,
    "leaf_size": 10,
    "num_points": 68040,
    "num_ranks": 32,
    "num_sites": 512,
    "total_time": 1.8075312539995139
}
