{
    "build_epsilon_graph": {
        "density": 24.039535522460938,
        "dist_comps": 266099289,
        "num_edges": 1635650,
        "rank_dist_comps": [
            12699747,
            14399830,
            11678520,
            13922334,
            11122115,
            22637736,
            20601325,
            15933219,
            16041266,
            12935062,
            15332567,
            27368189,
            16499382,
            16401291,
            20872363,
            17654343
        ],
        "rank_num_edges": [
            84006,
            50503,
            371894,
            21215,
            40569,
            45824,
            80832,
            57112,
            89151,
            63198,
            171795,
            95799,
            114525,
            94545,
            186273,
            68409
        ],
        "sparsity": 0.00035331473918631673,
        "time": 1.275898105000124
    },
    "build_ghost_trees": {
        "dist_comps": 1447838338,
        "rank_dist_comps": [
            79706968,
            101635496,
            70739132,
            97961041,
            67387101,
            87742592,
            99851398,
            106926312,
            90749265,
            68398458,
            97642284,
            89112679,
            94159904,
            111336642,
            103525227,
            80963839
        ],
        "time": 2.078942986000129
    },
    "build_greedy_net": {
        "dist_comps": 139345920,
        "net_sep": 0.22228531539440155,
        "rank_dist_comps": [
            8708096,
            8708096,
            8708096,
            8708096,
            8708096,
            8708096,
            8708096,
            8708096,
            8710144,
            8710144,
            8710144,
            8710144,
            8710144,
            8710144,
            8710144,
            8710144
        ],
        "time": 0.14900828700001512
    },
    "build_replication_tree": {
        "dist_comps": 1235355,
        "time": 0.03664775000015652,
        "verts": 3458
    },
    "compute_cell_assignments": {
        "time": 4.7431999973923666e-05
    },
    "compute_ghost_points": {
        "dist_comps": 362820751,
        "num_ghost_points": 9317012,
        "rank_dist_comps": [
            22777694,
            22903592,
            22893419,
            22858709,
            22800864,
            22908138,
            22699359,
            22748251,
            22681470,
            22337604,
            22759726,
            22568823,
            22521184,
            22494347,
            22495708,
            22371863
        ],
        "rank_num_ghost_points_recv": [
            544060,
            629538,
            503056,
            607907,
            472839,
            569119,
            599670,
            654755,
            578829,
            485613,
            584115,
            626047,
            611355,
            670682,
            636044,
            543383
        ],
        "rank_num_ghost_points_sent": [
            711246,
            657986,
            559362,
            540121,
            482924,
            582552,
            511722,
            569813,
            604383,
            442563,
            610583,
            579170,
            618922,
            585315,
            629917,
            630433
        ],
        "time": 0.9461175640003603
    },
    "covering_factor": 2.0,
    "dataset": "datasets/izbicki15/small/corel.fvecs",
    "dim": 32,
    "epsilon": 0.10000000149011612,
    "file_io_time": 0.007282416000180092,
    "leaf_size": 10,
    "num_points": 68040,
    "num_ranks": 16,
    "num_sites": 2048,
    "total_time": 4.493944540000939
}
