{
    "build_epsilon_graph": {
        "density": 24.039535522460938,
        "dist_comps": 266099289,
        "num_edges": 1635650,
        "rank_dist_comps": [
            28741013,
            27334892,
            27011087,
            41290523,
            27621497,
            39039027,
            41473688,
            33587562
        ],
        "rank_num_edges": [
            173157,
            113701,
            543689,
            117014,
            155094,
            140369,
            267105,
            125521
        ],
        "sparsity": 0.00035331473918631673,
        "time": 1.9451466069999697
    },
    "build_ghost_trees": {
        "dist_comps": 1447838338,
        "rank_dist_comps": [
            170456233,
            170033954,
            168381416,
            187073720,
            161547005,
            199079234,
            203376625,
            187890151
        ],
        "time": 3.813149473000067
    },
    "build_greedy_net": {
        "dist_comps": 139345920,
        "net_sep": 0.22228531539440155,
        "rank_dist_comps": [
            17418240,
            17418240,
            17418240,
            17418240,
            17418240,
            17418240,
            17418240,
            17418240
        ],
        "time": 0.2713366150001093
    },
    "build_replication_tree": {
        "dist_comps": 1235355,
        "time": 0.03617299500001536,
        "verts": 3458
    },
    "compute_cell_assignments": {
        "time": 2.82249998235784e-05
    },
    "compute_ghost_points": {
        "dist_comps": 362820751,
        "num_ghost_points": 9317012,
        "rank_dist_comps": [
            45686760,
            45757570,
            45713947,
            45453440,
            45010676,
            45325274,
            45010944,
            44862140
        ],
        "rank_num_ghost_points_recv": [
            1122889,
            1115151,
            1087171,
            1233954,
            1084194,
            1239801,
            1235714,
            1198138
        ],
        "rank_num_ghost_points_sent": [
            1369385,
            1099540,
            1065436,
            1081966,
            1046370,
            1189741,
            1204291,
            1260283
        ],
        "time": 1.756010638999669
    },
    "covering_factor": 2.0,
    "dataset": "datasets/izbicki15/small/corel.fvecs",
    "dim": 32,
    "epsilon": 0.10000000149011612,
    "file_io_time": 0.008003270999779488,
    "leaf_size": 10,
    "num_points": 68040,
    "num_ranks": 8,
    "num_sites": 2048,
    "total_time": 7.829847824999433
}
