{
    "build_epsilon_graph": {
        "density": 14.869759316770187,
        "dist_comps": 15214907,
        "num_edges": 153218,
        "rank_dist_comps": [
            6941319,
            8273588
        ],
        "rank_num_edges": [
            90235,
            62983
        ],
        "time": 0.10023843999999826
    },
    "build_ghost_trees": {
        "dist_comps": 3532789,
        "rank_dist_comps": [
            2276993,
            1255796
        ],
        "time": 0.033254951999992954
    },
    "build_greedy_net": {
        "dist_comps": 329728,
        "net_sep": 245.1183319091797,
        "rank_dist_comps": [
            164864,
            164864
        ],
        "time": 0.0019844310000394216
    },
    "build_replication_tree": {
        "dist_comps": 465,
        "time": 5.250199995998628e-05,
        "verts": 64
    },
    "compute_cell_assignments": {
        "time": 2.4000001985768904e-07
    },
    "compute_ghost_points": {
        "dist_comps": 978869,
        "num_ghost_points": 35628,
        "rank_dist_comps": [
            489435,
            489434
        ],
        "rank_num_ghost_points_recv": [
            23722,
            11906
        ],
        "rank_num_ghost_points_sent": [
            16771,
            18857
        ],
        "time": 0.021632754999984627
    },
    "covering_factor": 2.0,
    "dataset": "datasets/izbicki15/small/faces.fvecs",
    "dim": 20,
    "epsilon": 40.0,
    "file_io_time": 0.001754957999992257,
    "leaf_size": 10,
    "num_points": 10304,
    "num_ranks": 2,
    "num_sites": 32,
    "total_time": 0.15891827799998737
}
