{
    "build_epsilon_graph": {
        "density": 60.29153726708075,
        "dist_comps": 25597048,
        "num_edges": 621244,
        "rank_dist_comps": [
            10205664,
            15391384
        ],
        "rank_num_edges": [
            236194,
            385050
        ],
        "time": 0.21227940400001444
    },
    "build_ghost_trees": {
        "dist_comps": 3784504,
        "rank_dist_comps": [
            1918618,
            1865886
        ],
        "time": 0.027395410000053744
    },
    "build_greedy_net": {
        "dist_comps": 164864,
        "net_sep": 281.2472229003906,
        "rank_dist_comps": [
            82432,
            82432
        ],
        "time": 0.0011085300000104326
    },
    "build_replication_tree": {
        "dist_comps": 16,
        "time": 4.4676000015897444e-05,
        "verts": 19
    },
    "compute_cell_assignments": {
        "time": 3.310000238343491e-07
    },
    "compute_ghost_points": {
        "dist_comps": 350336,
        "num_ghost_points": 36376,
        "rank_dist_comps": [
            175168,
            175168
        ],
        "rank_num_ghost_points_recv": [
            18624,
            17752
        ],
        "rank_num_ghost_points_sent": [
            17098,
            19278
        ],
        "time": 0.013739446000045064
    },
    "covering_factor": 2.0,
    "dataset": "datasets/izbicki15/small/faces.fvecs",
    "dim": 20,
    "epsilon": 60.0,
    "file_io_time": 0.0017797459998973864,
    "leaf_size": 10,
    "num_points": 10304,
    "num_ranks": 2,
    "num_sites": 16,
    "total_time": 0.2563475430000608
}
