{
    "build_epsilon_graph": {
        "density": 3.062305900621118,
        "dist_comps": 6009218,
        "num_edges": 31554,
        "rank_dist_comps": [
            1300544,
            3136717,
            1100307,
            471650
        ],
        "rank_num_edges": [
            20966,
            5884,
            3009,
            1695
        ],
        "time": 0.035680014999996956
    },
    "build_ghost_trees": {
        "dist_comps": 2626662,
        "rank_dist_comps": [
            795916,
            736894,
            616396,
            477456
        ],
        "time": 0.01153936900000474
    },
    "build_greedy_net": {
        "dist_comps": 659456,
        "net_sep": 212.1273193359375,
        "rank_dist_comps": [
            164864,
            164864,
            164864,
            164864
        ],
        "time": 0.001973087999999734
    },
    "build_replication_tree": {
        "dist_comps": 603,
        "time": 7.990399998902831e-05,
        "verts": 96
    },
    "compute_cell_assignments": {
        "time": 3.500000076428478e-07
    },
    "compute_ghost_points": {
        "dist_comps": 1638083,
        "num_ghost_points": 23773,
        "rank_dist_comps": [
            409465,
            409563,
            409578,
            409477
        ],
        "rank_num_ghost_points_recv": [
            7040,
            4486,
            6776,
            5471
        ],
        "rank_num_ghost_points_sent": [
            4954,
            5553,
            8159,
            5107
        ],
        "time": 0.0137888099999941
    },
    "covering_factor": 2.0,
    "dataset": "datasets/izbicki15/small/faces.fvecs",
    "dim": 20,
    "epsilon": 20.0,
    "file_io_time": 0.0019481390000066767,
    "leaf_size": 10,
    "num_points": 10304,
    "num_ranks": 4,
    "num_sites": 64,
    "total_time": 0.06500967499999888
}
