{
    "build_epsilon_graph": {
        "density": 60.29153726708075,
        "dist_comps": 25597048,
        "num_edges": 621244,
        "rank_dist_comps": [
            1426064,
            14629092,
            58935,
            410973,
            843798,
            5045,
            29138,
            9022,
            127055,
            37680,
            66178,
            215402,
            43971,
            68455,
            7610525,
            15715
        ],
        "rank_num_edges": [
            145713,
            376759,
            354,
            5966,
            5618,
            94,
            492,
            87,
            2155,
            154,
            188,
            352,
            1582,
            1358,
            80092,
            280
        ],
        "time": 0.2098427340000626
    },
    "build_ghost_trees": {
        "dist_comps": 3784504,
        "rank_dist_comps": [
            170305,
            709767,
            169377,
            119913,
            330742,
            15278,
            62845,
            142872,
            151069,
            178882,
            215849,
            541178,
            49066,
            123974,
            769365,
            34022
        ],
        "time": 0.011383437000063168
    },
    "build_greedy_net": {
        "dist_comps": 164864,
        "net_sep": 281.2472229003906,
        "rank_dist_comps": [
            10304,
            10304,
            10304,
            10304,
            10304,
            10304,
            10304,
            10304,
            10304,
            10304,
            10304,
            10304,
            10304,
            10304,
            10304,
            10304
        ],
        "time": 0.0005525770000076591
    },
    "build_replication_tree": {
        "dist_comps": 16,
        "time": 0.00011209699994196853,
        "verts": 19
    },
    "compute_cell_assignments": {
        "time": 6.420000318030361e-07
    },
    "compute_ghost_points": {
        "dist_comps": 350336,
        "num_ghost_points": 36376,
        "rank_dist_comps": [
            21896,
            21896,
            21896,
            21896,
            21896,
            21896,
            21896,
            21896,
            21896,
            21896,
            21896,
            21896,
            21896,
            21896,
            21896,
            21896
        ],
        "rank_num_ghost_points_recv": [
            794,
            2766,
            2532,
            1594,
            3427,
            498,
            1267,
            2347,
            2295,
            2942,
            3007,
            4754,
            1036,
            2087,
            4266,
            764
        ],
        "rank_num_ghost_points_sent": [
            1460,
            2214,
            3137,
            2274,
            1928,
            1872,
            2018,
            2195,
            2266,
            2389,
            2327,
            2317,
            2322,
            2985,
            2853,
            1819
        ],
        "time": 0.004373963999910302
    },
    "covering_factor": 2.0,
    "dataset": "datasets/izbicki15/small/faces.fvecs",
    "dim": 20,
    "epsilon": 60.0,
    "file_io_time": 0.001909607000015967,
    "leaf_size": 10,
    "num_points": 10304,
    "num_ranks": 16,
    "num_sites": 16,
    "total_time": 0.22817505800003346
}
