{
    "build_epsilon_graph": {
        "density": 3.062305900621118,
        "dist_comps": 6009218,
        "num_edges": 31554,
        "rank_dist_comps": [
            6009218
        ],
        "rank_num_edges": [
            31554
        ],
        "time": 0.07044166800000085
    },
    "build_ghost_trees": {
        "dist_comps": 2626662,
        "rank_dist_comps": [
            2626662
        ],
        "time": 0.03816694400001097
    },
    "build_greedy_net": {
        "dist_comps": 659456,
        "net_sep": 212.1273193359375,
        "rank_dist_comps": [
            659456
        ],
        "time": 0.0059348129999960975
    },
    "build_replication_tree": {
        "dist_comps": 603,
        "time": 4.9876000005610877e-05,
        "verts": 96
    },
    "compute_cell_assignments": {
        "time": 2.2099999341662624e-07
    },
    "compute_ghost_points": {
        "dist_comps": 1638083,
        "num_ghost_points": 23773,
        "rank_dist_comps": [
            1638083
        ],
        "rank_num_ghost_points_recv": [
            23773
        ],
        "rank_num_ghost_points_sent": [
            23773
        ],
        "time": 0.0410888229999955
    },
    "covering_factor": 2.0,
    "dataset": "datasets/izbicki15/small/faces.fvecs",
    "dim": 20,
    "epsilon": 20.0,
    "file_io_time": 0.0015132909999948652,
    "leaf_size": 10,
    "num_points": 10304,
    "num_ranks": 1,
    "num_sites": 64,
    "total_time": 0.1571956359999973
}
