{
    "build_epsilon_graph": {
        "density": 60.29153726708075,
        "dist_comps": 24615171,
        "num_edges": 621244,
        "rank_dist_comps": [
            1276763,
            12581674,
            472049,
            143482,
            1147499,
            14573,
            1410803,
            8803,
            39894,
            49262,
            21167,
            152993,
            508898,
            41882,
            6274739,
            470690
        ],
        "rank_num_edges": [
            146033,
            363674,
            1175,
            1923,
            6163,
            382,
            18003,
            52,
            794,
            248,
            190,
            608,
            6122,
            1119,
            70308,
            4450
        ],
        "time": 0.1856510289999278
    },
    "build_ghost_trees": {
        "dist_comps": 7344539,
        "rank_dist_comps": [
            205598,
            775164,
            822580,
            161224,
            895043,
            67861,
            835708,
            156538,
            122784,
            326953,
            219836,
            412280,
            397388,
            116957,
            1371429,
            457196
        ],
        "time": 0.01965971599997829
    },
    "build_greedy_net": {
        "dist_comps": 329728,
        "net_sep": 245.1183319091797,
        "rank_dist_comps": [
            20608,
            20608,
            20608,
            20608,
            20608,
            20608,
            20608,
            20608,
            20608,
            20608,
            20608,
            20608,
            20608,
            20608,
            20608,
            20608
        ],
        "time": 0.000657149000062418
    },
    "build_replication_tree": {
        "dist_comps": 465,
        "time": 0.0001532450000922836,
        "verts": 64
    },
    "compute_cell_assignments": {
        "time": 4.810000291399774e-07
    },
    "compute_ghost_points": {
        "dist_comps": 978880,
        "num_ghost_points": 76526,
        "rank_dist_comps": [
            61180,
            61180,
            61180,
            61180,
            61180,
            61180,
            61180,
            61180,
            61180,
            61180,
            61180,
            61180,
            61180,
            61180,
            61180,
            61180
        ],
        "rank_num_ghost_points_recv": [
            1881,
            5452,
            7183,
            2588,
            8583,
            1516,
            5956,
            3108,
            2609,
            5370,
            3652,
            4975,
            4938,
            2696,
            10783,
            5236
        ],
        "rank_num_ghost_points_sent": [
            2679,
            3991,
            6044,
            4735,
            3857,
            4353,
            4922,
            5120,
            5214,
            5858,
            5880,
            5836,
            5932,
            5148,
            4144,
            2813
        ],
        "time": 0.006841166999947745
    },
    "covering_factor": 2.0,
    "dataset": "datasets/izbicki15/small/faces.fvecs",
    "dim": 20,
    "epsilon": 60.0,
    "file_io_time": 0.001889417999905163,
    "leaf_size": 10,
    "num_points": 10304,
    "num_ranks": 16,
    "num_sites": 32,
    "total_time": 0.21485220499994284
}
