{
    "build_epsilon_graph": {
        "density": 188.45458074534162,
        "dist_comps": 34383841,
        "num_edges": 1941836,
        "rank_dist_comps": [
            6787674,
            14710557,
            1472050,
            2767438,
            1115415,
            774309,
            5707059,
            1049339
        ],
        "rank_num_edges": [
            390180,
            1260590,
            24588,
            49561,
            8804,
            7777,
            186383,
            13953
        ],
        "time": 0.28303832200003853
    },
    "build_ghost_trees": {
        "dist_comps": 25671332,
        "rank_dist_comps": [
            2721195,
            2732086,
            2982129,
            3745740,
            3497703,
            2775537,
            4632755,
            2584187
        ],
        "time": 0.06173165900008826
    },
    "build_greedy_net": {
        "dist_comps": 659456,
        "net_sep": 212.1273193359375,
        "rank_dist_comps": [
            82432,
            82432,
            82432,
            82432,
            82432,
            82432,
            82432,
            82432
        ],
        "time": 0.0011513629999626573
    },
    "build_replication_tree": {
        "dist_comps": 603,
        "time": 9.580500000083703e-05,
        "verts": 96
    },
    "compute_cell_assignments": {
        "time": 3.200000264769187e-07
    },
    "compute_ghost_points": {
        "dist_comps": 1638336,
        "num_ghost_points": 243403,
        "rank_dist_comps": [
            204792,
            204792,
            204792,
            204792,
            204792,
            204792,
            204792,
            204792
        ],
        "rank_num_ghost_points_recv": [
            26189,
            22976,
            33000,
            32387,
            30008,
            27496,
            41753,
            29594
        ],
        "rank_num_ghost_points_sent": [
            22695,
            31040,
            28918,
            32931,
            35187,
            36036,
            34375,
            22221
        ],
        "time": 0.019907233000139968
    },
    "covering_factor": 2.0,
    "dataset": "datasets/izbicki15/small/faces.fvecs",
    "dim": 20,
    "epsilon": 80.0,
    "file_io_time": 0.0021107550001033815,
    "leaf_size": 10,
    "num_points": 10304,
    "num_ranks": 8,
    "num_sites": 64,
    "total_time": 0.3680354570003601
}
