{
    "build_epsilon_graph": {
        "density": 60.29153726708075,
        "dist_comps": 24615171,
        "num_edges": 621244,
        "rank_dist_comps": [
            24615171
        ],
        "rank_num_edges": [
            621244
        ],
        "time": 0.33664968800007955
    },
    "build_ghost_trees": {
        "dist_comps": 7344539,
        "rank_dist_comps": [
            7344539
        ],
        "time": 0.10351930499996342
    },
    "build_greedy_net": {
        "dist_comps": 329728,
        "net_sep": 245.1183319091797,
        "rank_dist_comps": [
            329728
        ],
        "time": 0.0029984189999368027
    },
    "build_replication_tree": {
        "dist_comps": 465,
        "time": 4.4676000015897444e-05,
        "verts": 64
    },
    "compute_cell_assignments": {
        "time": 1.2999998943996616e-07
    },
    "compute_ghost_points": {
        "dist_comps": 978880,
        "num_ghost_points": 76526,
        "rank_dist_comps": [
            978880
        ],
        "rank_num_ghost_points_recv": [
            76526
        ],
        "rank_num_ghost_points_sent": [
            76526
        ],
        "time": 0.03904316600005586
    },
    "covering_factor": 2.0,
    "dataset": "datasets/izbicki15/small/faces.fvecs",
    "dim": 20,
    "epsilon": 60.0,
    "file_io_time": 0.001395193999996991,
    "leaf_size": 10,
    "num_points": 10304,
    "num_ranks": 1,
    "num_sites": 32,
    "total_time": 0.48365057800003797
}
