{
    "build_epsilon_graph": {
        "density": 14.869759316770187,
        "dist_comps": 15214907,
        "num_edges": 153218,
        "rank_dist_comps": [
            1678292,
            7939646,
            5263027,
            333942
        ],
        "rank_num_edges": [
            67257,
            60714,
            22978,
            2269
        ],
        "time": 0.09644558799999459
    },
    "build_ghost_trees": {
        "dist_comps": 3532789,
        "rank_dist_comps": [
            737127,
            885544,
            1539866,
            370252
        ],
        "time": 0.021571656999981315
    },
    "build_greedy_net": {
        "dist_comps": 329728,
        "net_sep": 245.1183319091797,
        "rank_dist_comps": [
            82432,
            82432,
            82432,
            82432
        ],
        "time": 0.0011320259999934024
    },
    "build_replication_tree": {
        "dist_comps": 465,
        "time": 6.68589999577307e-05,
        "verts": 64
    },
    "compute_cell_assignments": {
        "time": 2.4999997094710125e-07
    },
    "compute_ghost_points": {
        "dist_comps": 978869,
        "num_ghost_points": 35628,
        "rank_dist_comps": [
            244716,
            244719,
            244720,
            244714
        ],
        "rank_num_ghost_points_recv": [
            8783,
            5812,
            14939,
            6094
        ],
        "rank_num_ghost_points_sent": [
            7962,
            8809,
            10695,
            8162
        ],
        "time": 0.01298610000003464
    },
    "covering_factor": 2.0,
    "dataset": "datasets/izbicki15/small/faces.fvecs",
    "dim": 20,
    "epsilon": 40.0,
    "file_io_time": 0.002030340000032993,
    "leaf_size": 10,
    "num_points": 10304,
    "num_ranks": 4,
    "num_sites": 32,
    "total_time": 0.1342328199999656
}
