{
    "build_epsilon_graph": {
        "density": 188.45458074534162,
        "dist_comps": 34383841,
        "num_edges": 1941836,
        "rank_dist_comps": [
            7903089,
            15484866,
            7179109,
            3816777
        ],
        "rank_num_edges": [
            398984,
            1268367,
            210971,
            63514
        ],
        "time": 0.2952127670000664
    },
    "build_ghost_trees": {
        "dist_comps": 25671332,
        "rank_dist_comps": [
            6218898,
            5507623,
            7614884,
            6329927
        ],
        "time": 0.10348387500016543
    },
    "build_greedy_net": {
        "dist_comps": 659456,
        "net_sep": 212.1273193359375,
        "rank_dist_comps": [
            164864,
            164864,
            164864,
            164864
        ],
        "time": 0.0019758440000714472
    },
    "build_replication_tree": {
        "dist_comps": 603,
        "time": 8.223899999393325e-05,
        "verts": 96
    },
    "compute_cell_assignments": {
        "time": 3.4000004234258085e-07
    },
    "compute_ghost_points": {
        "dist_comps": 1638336,
        "num_ghost_points": 243403,
        "rank_dist_comps": [
            409584,
            409584,
            409584,
            409584
        ],
        "rank_num_ghost_points_recv": [
            56197,
            50472,
            74753,
            61981
        ],
        "rank_num_ghost_points_sent": [
            53735,
            61849,
            71223,
            56596
        ],
        "time": 0.0363963770000737
    },
    "covering_factor": 2.0,
    "dataset": "datasets/izbicki15/small/faces.fvecs",
    "dim": 20,
    "epsilon": 80.0,
    "file_io_time": 0.002046962000122221,
    "leaf_size": 10,
    "num_points": 10304,
    "num_ranks": 4,
    "num_sites": 64,
    "total_time": 0.43919840400053545
}
