{
    "build_epsilon_graph": {
        "density": 188.45458074534162,
        "dist_comps": 33055553,
        "num_edges": 1941836,
        "rank_dist_comps": [
            2666755,
            10030731,
            562907,
            444267,
            712713,
            736707,
            5561255,
            1830349,
            623256,
            298279,
            2308108,
            1856096,
            351702,
            3021066,
            1297108,
            754254
        ],
        "rank_num_edges": [
            236669,
            1009227,
            9591,
            6071,
            8872,
            10433,
            272305,
            74915,
            37172,
            5007,
            70620,
            36211,
            3528,
            130675,
            23383,
            7157
        ],
        "time": 0.21596644500004913
    },
    "build_ghost_trees": {
        "dist_comps": 50309842,
        "rank_dist_comps": [
            2556427,
            2207245,
            3526981,
            2070022,
            2595996,
            2711637,
            3714708,
            3022367,
            2611744,
            2646790,
            2816695,
            4702172,
            3082448,
            3490741,
            4410348,
            4143521
        ],
        "time": 0.06731756600015615
    },
    "build_greedy_net": {
        "dist_comps": 1318912,
        "net_sep": 179.68026733398438,
        "rank_dist_comps": [
            82432,
            82432,
            82432,
            82432,
            82432,
            82432,
            82432,
            82432,
            82432,
            82432,
            82432,
            82432,
            82432,
            82432,
            82432,
            82432
        ],
        "time": 0.0015884060001098987
    },
    "build_replication_tree": {
        "dist_comps": 995,
        "time": 0.00022985399982644594,
        "verts": 160
    },
    "compute_cell_assignments": {
        "time": 6.110001322667813e-07
    },
    "compute_ghost_points": {
        "dist_comps": 2957248,
        "num_ghost_points": 479393,
        "rank_dist_comps": [
            184828,
            184828,
            184828,
            184828,
            184828,
            184828,
            184828,
            184828,
            184828,
            184828,
            184828,
            184828,
            184828,
            184828,
            184828,
            184828
        ],
        "rank_num_ghost_points_recv": [
            25352,
            19581,
            33872,
            22870,
            27428,
            25982,
            35455,
            29433,
            24542,
            26607,
            28666,
            39649,
            31725,
            31714,
            40273,
            36244
        ],
        "rank_num_ghost_points_sent": [
            13250,
            24237,
            30996,
            29099,
            29916,
            33088,
            35788,
            36168,
            35520,
            35594,
            36442,
            39056,
            39036,
            29624,
            19194,
            12385
        ],
        "time": 0.023785080000152448
    },
    "covering_factor": 2.0,
    "dataset": "datasets/izbicki15/small/faces.fvecs",
    "dim": 20,
    "epsilon": 80.0,
    "file_io_time": 0.0019721369999388116,
    "leaf_size": 10,
    "num_points": 10304,
    "num_ranks": 16,
    "num_sites": 128,
    "total_time": 0.31086009900036515
}
