{
    "build_epsilon_graph": {
        "density": 14.869759316770187,
        "dist_comps": 16589393,
        "num_edges": 153218,
        "rank_dist_comps": [
            7208406,
            9380987
        ],
        "rank_num_edges": [
            86681,
            66537
        ],
        "time": 0.11480845600004841
    },
    "build_ghost_trees": {
        "dist_comps": 1935624,
        "rank_dist_comps": [
            985377,
            950247
        ],
        "time": 0.014902090000020962
    },
    "build_greedy_net": {
        "dist_comps": 164864,
        "net_sep": 281.2472229003906,
        "rank_dist_comps": [
            82432,
            82432
        ],
        "time": 0.00108591600002228
    },
    "build_replication_tree": {
        "dist_comps": 16,
        "time": 5.6609000012031174e-05,
        "verts": 19
    },
    "compute_cell_assignments": {
        "time": 2.9099999210302485e-07
    },
    "compute_ghost_points": {
        "dist_comps": 350336,
        "num_ghost_points": 17491,
        "rank_dist_comps": [
            175168,
            175168
        ],
        "rank_num_ghost_points_recv": [
            9140,
            8351
        ],
        "rank_num_ghost_points_sent": [
            8523,
            8968
        ],
        "time": 0.009783579000043119
    },
    "covering_factor": 2.0,
    "dataset": "datasets/izbicki15/small/faces.fvecs",
    "dim": 20,
    "epsilon": 40.0,
    "file_io_time": 0.0017454499999871587,
    "leaf_size": 10,
    "num_points": 10304,
    "num_ranks": 2,
    "num_sites": 16,
    "total_time": 0.14238239100012606
}
