{
    "build_epsilon_graph": {
        "density": 3.062305900621118,
        "dist_comps": 8570443,
        "num_edges": 31554,
        "rank_dist_comps": [
            486772,
            4845389,
            11354,
            83770,
            165394,
            1805,
            10185,
            3496,
            26798,
            4567,
            9790,
            31399,
            15590,
            15796,
            2851274,
            7064
        ],
        "rank_num_edges": [
            18988,
            6751,
            110,
            514,
            691,
            34,
            98,
            44,
            196,
            62,
            79,
            117,
            220,
            165,
            3405,
            80
        ],
        "time": 0.06142321600009382
    },
    "build_ghost_trees": {
        "dist_comps": 1315704,
        "rank_dist_comps": [
            119570,
            644720,
            6428,
            21340,
            64384,
            820,
            5356,
            3102,
            13893,
            4011,
            13744,
            38512,
            6271,
            12079,
            357954,
            3520
        ],
        "time": 0.009474117000081606
    },
    "build_greedy_net": {
        "dist_comps": 164864,
        "net_sep": 281.2472229003906,
        "rank_dist_comps": [
            10304,
            10304,
            10304,
            10304,
            10304,
            10304,
            10304,
            10304,
            10304,
            10304,
            10304,
            10304,
            10304,
            10304,
            10304,
            10304
        ],
        "time": 0.0005265969998617948
    },
    "build_replication_tree": {
        "dist_comps": 16,
        "time": 0.00011009199988620821,
        "verts": 19
    },
    "compute_cell_assignments": {
        "time": 5.20999947184464e-07
    },
    "compute_ghost_points": {
        "dist_comps": 350336,
        "num_ghost_points": 5852,
        "rank_dist_comps": [
            21896,
            21896,
            21896,
            21896,
            21896,
            21896,
            21896,
            21896,
            21896,
            21896,
            21896,
            21896,
            21896,
            21896,
            21896,
            21896
        ],
        "rank_num_ghost_points_recv": [
            254,
            975,
            130,
            302,
            641,
            32,
            117,
            101,
            352,
            149,
            297,
            475,
            129,
            272,
            1536,
            90
        ],
        "rank_num_ghost_points_sent": [
            232,
            379,
            557,
            447,
            356,
            268,
            281,
            319,
            365,
            284,
            297,
            351,
            384,
            570,
            508,
            254
        ],
        "time": 0.003419383000164089
    },
    "covering_factor": 2.0,
    "dataset": "datasets/izbicki15/small/faces.fvecs",
    "dim": 20,
    "epsilon": 20.0,
    "file_io_time": 0.0019442150000941183,
    "leaf_size": 10,
    "num_points": 10304,
    "num_ranks": 16,
    "num_sites": 16,
    "total_time": 0.07689814100012882
}
