{
    "build_epsilon_graph": {
        "density": 3.062305900621118,
        "dist_comps": 7104185,
        "num_edges": 31554,
        "rank_dist_comps": [
            506994,
            4021135,
            80213,
            34016,
            221861,
            4511,
            271393,
            1591,
            9410,
            5854,
            5268,
            18475,
            94988,
            8124,
            1757159,
            63193
        ],
        "rank_num_edges": [
            19057,
            6114,
            270,
            237,
            777,
            74,
            841,
            37,
            104,
            90,
            72,
            131,
            446,
            135,
            2780,
            389
        ],
        "time": 0.050835051999996494
    },
    "build_ghost_trees": {
        "dist_comps": 1882858,
        "rank_dist_comps": [
            113611,
            761842,
            81615,
            8131,
            126671,
            2742,
            102621,
            1536,
            8335,
            4881,
            4273,
            11777,
            40349,
            7627,
            569329,
            37518
        ],
        "time": 0.01038815699999418
    },
    "build_greedy_net": {
        "dist_comps": 329728,
        "net_sep": 245.1183319091797,
        "rank_dist_comps": [
            20608,
            20608,
            20608,
            20608,
            20608,
            20608,
            20608,
            20608,
            20608,
            20608,
            20608,
            20608,
            20608,
            20608,
            20608,
            20608
        ],
        "time": 0.0006835889999905476
    },
    "build_replication_tree": {
        "dist_comps": 465,
        "time": 0.0001251409999980524,
        "verts": 64
    },
    "compute_cell_assignments": {
        "time": 3.010000000358559e-07
    },
    "compute_ghost_points": {
        "dist_comps": 978633,
        "num_ghost_points": 11001,
        "rank_dist_comps": [
            61080,
            61164,
            61179,
            61180,
            61180,
            61180,
            61178,
            61164,
            61174,
            61180,
            61180,
            61180,
            61180,
            61180,
            61174,
            61080
        ],
        "rank_num_ghost_points_recv": [
            411,
            1192,
            1048,
            203,
            1414,
            94,
            892,
            79,
            262,
            182,
            121,
            240,
            716,
            277,
            3038,
            832
        ],
        "rank_num_ghost_points_sent": [
            289,
            505,
            1095,
            637,
            449,
            594,
            741,
            821,
            819,
            840,
            854,
            819,
            872,
            733,
            534,
            399
        ],
        "time": 0.004481959000003144
    },
    "covering_factor": 2.0,
    "dataset": "datasets/izbicki15/small/faces.fvecs",
    "dim": 20,
    "epsilon": 20.0,
    "file_io_time": 0.0019773460000038767,
    "leaf_size": 10,
    "num_points": 10304,
    "num_ranks": 16,
    "num_sites": 32,
    "total_time": 0.06849154499998633
}
