{
    "build_epsilon_graph": {
        "density": 60.29153726708075,
        "dist_comps": 22440832,
        "num_edges": 621244,
        "rank_dist_comps": [
            1795691,
            6968908,
            304722,
            239640,
            391459,
            476096,
            3993842,
            1346717,
            390154,
            180817,
            1528008,
            1184972,
            194271,
            2113654,
            862487,
            469394
        ],
        "rank_num_edges": [
            118362,
            281054,
            3703,
            2677,
            4256,
            3516,
            69555,
            19212,
            30356,
            1340,
            17445,
            11538,
            1407,
            46959,
            7308,
            2556
        ],
        "time": 0.10968844900003205
    },
    "build_ghost_trees": {
        "dist_comps": 32586285,
        "rank_dist_comps": [
            1750799,
            1342879,
            2087008,
            1011189,
            1398695,
            2180066,
            2989676,
            1942792,
            1855577,
            1081085,
            2091746,
            3349188,
            1985757,
            2775416,
            2888318,
            1856094
        ],
        "time": 0.04635733000009168
    },
    "build_greedy_net": {
        "dist_comps": 1318912,
        "net_sep": 179.68026733398438,
        "rank_dist_comps": [
            82432,
            82432,
            82432,
            82432,
            82432,
            82432,
            82432,
            82432,
            82432,
            82432,
            82432,
            82432,
            82432,
            82432,
            82432,
            82432
        ],
        "time": 0.001605771000185996
    },
    "build_replication_tree": {
        "dist_comps": 995,
        "time": 0.00019220200010749977,
        "verts": 160
    },
    "compute_cell_assignments": {
        "time": 7.520000053773401e-07
    },
    "compute_ghost_points": {
        "dist_comps": 2957248,
        "num_ghost_points": 309227,
        "rank_dist_comps": [
            184828,
            184828,
            184828,
            184828,
            184828,
            184828,
            184828,
            184828,
            184828,
            184828,
            184828,
            184828,
            184828,
            184828,
            184828,
            184828
        ],
        "rank_num_ghost_points_recv": [
            17409,
            11115,
            21289,
            12454,
            16128,
            18575,
            26472,
            20090,
            16810,
            13024,
            17961,
            27608,
            19563,
            23092,
            27103,
            20534
        ],
        "rank_num_ghost_points_sent": [
            5992,
            13565,
            20439,
            18531,
            18573,
            21646,
            24348,
            25026,
            23826,
            24243,
            25282,
            27630,
            26892,
            18097,
            9607,
            5530
        ],
        "time": 0.01818585000000894
    },
    "covering_factor": 2.0,
    "dataset": "datasets/izbicki15/small/faces.fvecs",
    "dim": 20,
    "epsilon": 60.0,
    "file_io_time": 0.0019275610000022425,
    "leaf_size": 10,
    "num_points": 10304,
    "num_ranks": 16,
    "num_sites": 128,
    "total_time": 0.1779579150004338
}
