{
    "build_epsilon_graph": {
        "density": 3.062305900621118,
        "dist_comps": 8570443,
        "num_edges": 31554,
        "rank_dist_comps": [
            513570,
            4849956,
            21144,
            115169,
            180984,
            17601,
            2861459,
            10560
        ],
        "rank_num_edges": [
            19184,
            6813,
            189,
            631,
            911,
            199,
            3503,
            124
        ],
        "time": 0.05670283000017662
    },
    "build_ghost_trees": {
        "dist_comps": 1315704,
        "rank_dist_comps": [
            133463,
            648731,
            20172,
            59852,
            70655,
            12899,
            363310,
            6622
        ],
        "time": 0.00951391499984311
    },
    "build_greedy_net": {
        "dist_comps": 164864,
        "net_sep": 281.2472229003906,
        "rank_dist_comps": [
            20608,
            20608,
            20608,
            20608,
            20608,
            20608,
            20608,
            20608
        ],
        "time": 0.0005143729999872448
    },
    "build_replication_tree": {
        "dist_comps": 16,
        "time": 8.308099995701923e-05,
        "verts": 19
    },
    "compute_cell_assignments": {
        "time": 4.910002644464839e-07
    },
    "compute_ghost_points": {
        "dist_comps": 350336,
        "num_ghost_points": 5852,
        "rank_dist_comps": [
            43792,
            43792,
            43792,
            43792,
            43792,
            43792,
            43792,
            43792
        ],
        "rank_num_ghost_points_recv": [
            606,
            1124,
            427,
            777,
            770,
            304,
            1653,
            191
        ],
        "rank_num_ghost_points_sent": [
            611,
            1004,
            624,
            600,
            649,
            648,
            954,
            762
        ],
        "time": 0.003725725000094826
    },
    "covering_factor": 2.0,
    "dataset": "datasets/izbicki15/small/faces.fvecs",
    "dim": 20,
    "epsilon": 20.0,
    "file_io_time": 0.002398782999989635,
    "leaf_size": 10,
    "num_points": 10304,
    "num_ranks": 8,
    "num_sites": 16,
    "total_time": 0.0729391980003129
}
