{
    "build_epsilon_graph": {
        "density": 14.869759316770187,
        "dist_comps": 13734856,
        "num_edges": 153218,
        "rank_dist_comps": [
            5740252,
            7994604
        ],
        "rank_num_edges": [
            90130,
            63088
        ],
        "time": 0.09732906300001787
    },
    "build_ghost_trees": {
        "dist_comps": 8069996,
        "rank_dist_comps": [
            4341110,
            3728886
        ],
        "time": 0.061014162999981636
    },
    "build_greedy_net": {
        "dist_comps": 659456,
        "net_sep": 212.1273193359375,
        "rank_dist_comps": [
            329728,
            329728
        ],
        "time": 0.0035426690000122107
    },
    "build_replication_tree": {
        "dist_comps": 603,
        "time": 8.36620000086441e-05,
        "verts": 96
    },
    "compute_cell_assignments": {
        "time": 2.900000026784255e-07
    },
    "compute_ghost_points": {
        "dist_comps": 1638325,
        "num_ghost_points": 76825,
        "rank_dist_comps": [
            819163,
            819162
        ],
        "rank_num_ghost_points_recv": [
            44665,
            32160
        ],
        "rank_num_ghost_points_sent": [
            34718,
            42107
        ],
        "time": 0.03329918700001144
    },
    "covering_factor": 2.0,
    "dataset": "datasets/izbicki15/small/faces.fvecs",
    "dim": 20,
    "epsilon": 40.0,
    "file_io_time": 0.0017729730000155541,
    "leaf_size": 10,
    "num_points": 10304,
    "num_ranks": 2,
    "num_sites": 64,
    "total_time": 0.19704200700005003
}
