{
    "build_epsilon_graph": {
        "density": 14.869759316770187,
        "dist_comps": 16589393,
        "num_edges": 153218,
        "rank_dist_comps": [
            878760,
            9039807,
            20996,
            199555,
            464958,
            3077,
            18056,
            5393,
            66738,
            14008,
            24253,
            78875,
            27098,
            30780,
            5707547,
            9492
        ],
        "rank_num_edges": [
            62717,
            63458,
            175,
            2092,
            1805,
            42,
            155,
            56,
            642,
            77,
            95,
            147,
            794,
            523,
            20298,
            142
        ],
        "time": 0.12216941999997744
    },
    "build_ghost_trees": {
        "dist_comps": 1935624,
        "rank_dist_comps": [
            135601,
            583991,
            38256,
            45984,
            134083,
            3078,
            19961,
            41034,
            55554,
            35329,
            61185,
            178916,
            18051,
            53375,
            522686,
            8540
        ],
        "time": 0.010060081999995418
    },
    "build_greedy_net": {
        "dist_comps": 164864,
        "net_sep": 281.2472229003906,
        "rank_dist_comps": [
            10304,
            10304,
            10304,
            10304,
            10304,
            10304,
            10304,
            10304,
            10304,
            10304,
            10304,
            10304,
            10304,
            10304,
            10304,
            10304
        ],
        "time": 0.0005177390000312698
    },
    "build_replication_tree": {
        "dist_comps": 16,
        "time": 0.0001228379999815843,
        "verts": 19
    },
    "compute_cell_assignments": {
        "time": 6.510000503112678e-07
    },
    "compute_ghost_points": {
        "dist_comps": 350336,
        "num_ghost_points": 17491,
        "rank_dist_comps": [
            21896,
            21896,
            21896,
            21896,
            21896,
            21896,
            21896,
            21896,
            21896,
            21896,
            21896,
            21896,
            21896,
            21896,
            21896,
            21896
        ],
        "rank_num_ghost_points_recv": [
            473,
            1922,
            720,
            788,
            1735,
            116,
            465,
            917,
            1014,
            1026,
            1263,
            2341,
            441,
            1005,
            3029,
            236
        ],
        "rank_num_ghost_points_sent": [
            719,
            1062,
            1564,
            1191,
            1004,
            985,
            975,
            1023,
            1035,
            1058,
            988,
            1100,
            1135,
            1446,
            1432,
            774
        ],
        "time": 0.0037788349999914317
    },
    "covering_factor": 2.0,
    "dataset": "datasets/izbicki15/small/faces.fvecs",
    "dim": 20,
    "epsilon": 40.0,
    "file_io_time": 0.0018772740000372323,
    "leaf_size": 10,
    "num_points": 10304,
    "num_ranks": 16,
    "num_sites": 16,
    "total_time": 0.13852683900006468
}
