{
    "build_epsilon_graph": {
        "density": 188.45458074534162,
        "dist_comps": 35025800,
        "num_edges": 1941836,
        "rank_dist_comps": [
            2024724,
            19445327,
            114654,
            728309,
            1354582,
            9543,
            65374,
            28420,
            230828,
            61299,
            119412,
            297948,
            81448,
            123875,
            10314793,
            25264
        ],
        "rank_num_edges": [
            256573,
            1376849,
            659,
            13359,
            13044,
            190,
            1223,
            142,
            5062,
            277,
            360,
            778,
            2440,
            2709,
            267704,
            467
        ],
        "time": 0.3645370040001126
    },
    "build_ghost_trees": {
        "dist_comps": 6735865,
        "rank_dist_comps": [
            182063,
            846285,
            463934,
            237739,
            563200,
            73897,
            145877,
            393860,
            343400,
            621200,
            590146,
            906822,
            122923,
            253561,
            906275,
            84683
        ],
        "time": 0.01335076400005164
    },
    "build_greedy_net": {
        "dist_comps": 164864,
        "net_sep": 281.2472229003906,
        "rank_dist_comps": [
            10304,
            10304,
            10304,
            10304,
            10304,
            10304,
            10304,
            10304,
            10304,
            10304,
            10304,
            10304,
            10304,
            10304,
            10304,
            10304
        ],
        "time": 0.0005586390000189567
    },
    "build_replication_tree": {
        "dist_comps": 16,
        "time": 0.00011736700002984435,
        "verts": 19
    },
    "compute_cell_assignments": {
        "time": 4.800001534022158e-07
    },
    "compute_ghost_points": {
        "dist_comps": 350336,
        "num_ghost_points": 60548,
        "rank_dist_comps": [
            21896,
            21896,
            21896,
            21896,
            21896,
            21896,
            21896,
            21896,
            21896,
            21896,
            21896,
            21896,
            21896,
            21896,
            21896,
            21896
        ],
        "rank_num_ghost_points_recv": [
            1226,
            3300,
            4997,
            3136,
            5111,
            1554,
            2594,
            4415,
            4257,
            5137,
            5648,
            6507,
            2093,
            3666,
            5307,
            1600
        ],
        "rank_num_ghost_points_sent": [
            2580,
            3716,
            4991,
            3787,
            2928,
            3045,
            3385,
            3654,
            3846,
            4179,
            3927,
            3851,
            3947,
            5043,
            4486,
            3183
        ],
        "time": 0.004766452000012578
    },
    "covering_factor": 2.0,
    "dataset": "datasets/izbicki15/small/faces.fvecs",
    "dim": 20,
    "epsilon": 80.0,
    "file_io_time": 0.0018817629998011398,
    "leaf_size": 10,
    "num_points": 10304,
    "num_ranks": 16,
    "num_sites": 16,
    "total_time": 0.38521246900018014
}
