{
    "build_epsilon_graph": {
        "density": 14.869759316770187,
        "dist_comps": 12730787,
        "num_edges": 153218,
        "rank_dist_comps": [
            12730787
        ],
        "rank_num_edges": [
            153218
        ],
        "time": 0.1583174830000189
    },
    "build_ghost_trees": {
        "dist_comps": 15997095,
        "rank_dist_comps": [
            15997095
        ],
        "time": 0.2235087609999482
    },
    "build_greedy_net": {
        "dist_comps": 1318912,
        "net_sep": 179.68026733398438,
        "rank_dist_comps": [
            1318912
        ],
        "time": 0.011783250000007683
    },
    "build_replication_tree": {
        "dist_comps": 995,
        "time": 7.433400003264978e-05,
        "verts": 160
    },
    "compute_cell_assignments": {
        "time": 1.4020000662640086e-06
    },
    "compute_ghost_points": {
        "dist_comps": 2957223,
        "num_ghost_points": 154387,
        "rank_dist_comps": [
            2957223
        ],
        "rank_num_ghost_points_recv": [
            154387
        ],
        "rank_num_ghost_points_sent": [
            154387
        ],
        "time": 0.08327164700006051
    },
    "covering_factor": 2.0,
    "dataset": "datasets/izbicki15/small/faces.fvecs",
    "dim": 20,
    "epsilon": 40.0,
    "file_io_time": 0.0015266770000152974,
    "leaf_size": 10,
    "num_points": 10304,
    "num_ranks": 1,
    "num_sites": 128,
    "total_time": 0.4784835540001495
}
