{
    "build_epsilon_graph": {
        "density": 3.062305900621118,
        "dist_comps": 5188370,
        "num_edges": 31554,
        "rank_dist_comps": [
            425584,
            1952721,
            38599,
            35311,
            55054,
            72589,
            984840,
            293539,
            91739,
            24431,
            320287,
            187594,
            24359,
            484098,
            141733,
            55892
        ],
        "rank_num_edges": [
            5077,
            4298,
            359,
            366,
            453,
            306,
            1828,
            608,
            14106,
            157,
            913,
            737,
            240,
            1260,
            484,
            362
        ],
        "time": 0.02378031499998201
    },
    "build_ghost_trees": {
        "dist_comps": 3768663,
        "rank_dist_comps": [
            200887,
            311846,
            45492,
            42580,
            71878,
            242930,
            761081,
            266583,
            167856,
            86747,
            361424,
            408608,
            47515,
            424043,
            216341,
            112852
        ],
        "time": 0.010853291999978865
    },
    "build_greedy_net": {
        "dist_comps": 1318912,
        "net_sep": 179.68026733398438,
        "rank_dist_comps": [
            82432,
            82432,
            82432,
            82432,
            82432,
            82432,
            82432,
            82432,
            82432,
            82432,
            82432,
            82432,
            82432,
            82432,
            82432,
            82432
        ],
        "time": 0.001613282999983312
    },
    "build_replication_tree": {
        "dist_comps": 995,
        "time": 0.0001668319999907908,
        "verts": 160
    },
    "compute_cell_assignments": {
        "time": 6.310000060238963e-07
    },
    "compute_ghost_points": {
        "dist_comps": 2956893,
        "num_ghost_points": 41424,
        "rank_dist_comps": [
            184721,
            184810,
            184826,
            184828,
            184826,
            184828,
            184821,
            184762,
            184805,
            184828,
            184827,
            184828,
            184828,
            184823,
            184810,
            184722
        ],
        "rank_num_ghost_points_recv": [
            2413,
            1627,
            1145,
            1012,
            1395,
            2977,
            5888,
            3061,
            2293,
            1225,
            3685,
            5036,
            1019,
            3365,
            3233,
            2050
        ],
        "rank_num_ghost_points_sent": [
            542,
            1530,
            2672,
            1895,
            1629,
            2383,
            3253,
            3965,
            3456,
            3796,
            3926,
            4477,
            4017,
            2234,
            1045,
            604
        ],
        "time": 0.007684828000009247
    },
    "covering_factor": 2.0,
    "dataset": "datasets/izbicki15/small/faces.fvecs",
    "dim": 20,
    "epsilon": 20.0,
    "file_io_time": 0.0019331089999923279,
    "leaf_size": 10,
    "num_points": 10304,
    "num_ranks": 16,
    "num_sites": 128,
    "total_time": 0.04603228999994258
}
