{
    "build_epsilon_graph": {
        "density": 60.29153726708075,
        "dist_comps": 25597048,
        "num_edges": 621244,
        "rank_dist_comps": [
            1553119,
            14666772,
            125113,
            626375,
            887769,
            73500,
            7639663,
            24737
        ],
        "rank_num_edges": [
            147868,
            376913,
            542,
            6318,
            7200,
            1452,
            80584,
            367
        ],
        "time": 0.207203499000002
    },
    "build_ghost_trees": {
        "dist_comps": 3784504,
        "rank_dist_comps": [
            321374,
            888649,
            385226,
            661091,
            379808,
            139252,
            832210,
            176894
        ],
        "time": 0.012908461999927567
    },
    "build_greedy_net": {
        "dist_comps": 164864,
        "net_sep": 281.2472229003906,
        "rank_dist_comps": [
            20608,
            20608,
            20608,
            20608,
            20608,
            20608,
            20608,
            20608
        ],
        "time": 0.0004941140000482847
    },
    "build_replication_tree": {
        "dist_comps": 16,
        "time": 0.00016902599998047663,
        "verts": 19
    },
    "compute_cell_assignments": {
        "time": 3.909999577444978e-07
    },
    "compute_ghost_points": {
        "dist_comps": 350336,
        "num_ghost_points": 36376,
        "rank_dist_comps": [
            43792,
            43792,
            43792,
            43792,
            43792,
            43792,
            43792,
            43792
        ],
        "rank_num_ghost_points_recv": [
            3089,
            5708,
            5539,
            6348,
            4463,
            2585,
            5533,
            3111
        ],
        "rank_num_ghost_points_sent": [
            3674,
            5411,
            3800,
            4213,
            4655,
            4644,
            5307,
            4672
        ],
        "time": 0.005289683000000878
    },
    "covering_factor": 2.0,
    "dataset": "datasets/izbicki15/small/faces.fvecs",
    "dim": 20,
    "epsilon": 60.0,
    "file_io_time": 0.0021584369999345654,
    "leaf_size": 10,
    "num_points": 10304,
    "num_ranks": 8,
    "num_sites": 16,
    "total_time": 0.22822361199985153
}
