{
    "build_epsilon_graph": {
        "density": 3.062305900621118,
        "dist_comps": 8570443,
        "num_edges": 31554,
        "rank_dist_comps": [
            8570443
        ],
        "rank_num_edges": [
            31554
        ],
        "time": 0.09824484000000666
    },
    "build_ghost_trees": {
        "dist_comps": 1315704,
        "rank_dist_comps": [
            1315704
        ],
        "time": 0.01884183899983327
    },
    "build_greedy_net": {
        "dist_comps": 164864,
        "net_sep": 281.2472229003906,
        "rank_dist_comps": [
            164864
        ],
        "time": 0.001723228000173549
    },
    "build_replication_tree": {
        "dist_comps": 16,
        "time": 2.8714999643852934e-05,
        "verts": 19
    },
    "compute_cell_assignments": {
        "time": 1.399998836859595e-07
    },
    "compute_ghost_points": {
        "dist_comps": 350336,
        "num_ghost_points": 5852,
        "rank_dist_comps": [
            350336
        ],
        "rank_num_ghost_points_recv": [
            5852
        ],
        "rank_num_ghost_points_sent": [
            5852
        ],
        "time": 0.01381862700009151
    },
    "covering_factor": 2.0,
    "dataset": "datasets/izbicki15/small/faces.fvecs",
    "dim": 20,
    "epsilon": 20.0,
    "file_io_time": 0.0019657970001389913,
    "leaf_size": 10,
    "num_points": 10304,
    "num_ranks": 1,
    "num_sites": 16,
    "total_time": 0.13462318599977152
}
