{
    "build_epsilon_graph": {
        "density": 188.45458074534162,
        "dist_comps": 33055553,
        "num_edges": 1941836,
        "rank_dist_comps": [
            33055553
        ],
        "rank_num_edges": [
            1941836
        ],
        "time": 0.571682778999957
    },
    "build_ghost_trees": {
        "dist_comps": 50309842,
        "rank_dist_comps": [
            50309842
        ],
        "time": 0.6710860760001651
    },
    "build_greedy_net": {
        "dist_comps": 1318912,
        "net_sep": 179.68026733398438,
        "rank_dist_comps": [
            1318912
        ],
        "time": 0.011841682000067522
    },
    "build_replication_tree": {
        "dist_comps": 995,
        "time": 7.14269999662065e-05,
        "verts": 160
    },
    "compute_cell_assignments": {
        "time": 1.3730000318901148e-06
    },
    "compute_ghost_points": {
        "dist_comps": 2957248,
        "num_ghost_points": 479393,
        "rank_dist_comps": [
            2957248
        ],
        "rank_num_ghost_points_recv": [
            479393
        ],
        "rank_num_ghost_points_sent": [
            479393
        ],
        "time": 0.1329281109999556
    },
    "covering_factor": 2.0,
    "dataset": "datasets/izbicki15/small/faces.fvecs",
    "dim": 20,
    "epsilon": 80.0,
    "file_io_time": 0.0015980450000370183,
    "leaf_size": 10,
    "num_points": 10304,
    "num_ranks": 1,
    "num_sites": 128,
    "total_time": 1.3892094930001804
}
