{
    "build_epsilon_graph": {
        "density": 14.869759316770187,
        "dist_comps": 12730787,
        "num_edges": 153218,
        "time": 0.15828744496684521
    },
    "build_ghost_trees": {
        "dist_comps": 15997095,
        "time": 0.22308729705400765
    },
    "build_greedy_net": {
        "dist_comps": 1318912,
        "net_sep": 179.68026733398438,
        "time": 0.014606401091441512
    },
    "build_replication_tree": {
        "dist_comps": 995,
        "time": 7.845205254852772e-05,
        "verts": 160
    },
    "compute_ghost_points": {
        "dist_comps": 2957223,
        "num_ghost_points": 154387,
        "time": 0.06832399708218873
    },
    "covering_factor": 2.0,
    "dataset": "datasets/izbicki15/small/faces.fvecs",
    "dim": 20,
    "epsilon": 40.0,
    "file_io_time": 0.0009344939608126879,
    "leaf_size": 10,
    "num_points": 10304,
    "num_sites": 128,
    "num_threads": 128,
    "total_time": 0.4653180862078443
}
