{
    "build_epsilon_graph": {
        "density": 188.45458074534162,
        "dist_comps": 34383841,
        "num_edges": 1941836,
        "time": 0.5924914220813662
    },
    "build_ghost_trees": {
        "dist_comps": 25671332,
        "time": 0.349365844973363
    },
    "build_greedy_net": {
        "dist_comps": 659456,
        "net_sep": 212.1273193359375,
        "time": 0.006736324983648956
    },
    "build_replication_tree": {
        "dist_comps": 603,
        "time": 6.24100212007761e-05,
        "verts": 96
    },
    "compute_ghost_points": {
        "dist_comps": 1638336,
        "num_ghost_points": 243403,
        "time": 0.04397268395405263
    },
    "covering_factor": 2.0,
    "dataset": "datasets/izbicki15/small/faces.fvecs",
    "dim": 20,
    "epsilon": 80.0,
    "file_io_time": 0.0008107360918074846,
    "leaf_size": 10,
    "num_points": 10304,
    "num_sites": 64,
    "num_threads": 128,
    "total_time": 0.993439422105439
}
