{
    "build_epsilon_graph": {
        "density": 188.45458074534162,
        "dist_comps": 35025800,
        "num_edges": 1941836,
        "time": 0.5869083820143715
    },
    "build_ghost_trees": {
        "dist_comps": 6735865,
        "time": 0.10057813103776425
    },
    "build_greedy_net": {
        "dist_comps": 164864,
        "net_sep": 281.2472229003906,
        "time": 0.0022914139553904533
    },
    "build_replication_tree": {
        "dist_comps": 16,
        "time": 3.630993887782097e-05,
        "verts": 19
    },
    "compute_ghost_points": {
        "dist_comps": 350336,
        "num_ghost_points": 60548,
        "time": 0.010908419964835048
    },
    "covering_factor": 2.0,
    "dataset": "datasets/izbicki15/small/faces.fvecs",
    "dim": 20,
    "epsilon": 80.0,
    "file_io_time": 0.0008983139414340258,
    "leaf_size": 10,
    "num_points": 10304,
    "num_sites": 16,
    "num_threads": 128,
    "total_time": 0.701620970852673
}
