{
    "build_epsilon_graph": {
        "density": 14.869759316770187,
        "dist_comps": 16589393,
        "num_edges": 153218,
        "time": 0.20460428996011615
    },
    "build_ghost_trees": {
        "dist_comps": 1935624,
        "time": 0.033931683050468564
    },
    "build_greedy_net": {
        "dist_comps": 164864,
        "net_sep": 281.2472229003906,
        "time": 0.001761439023539424
    },
    "build_replication_tree": {
        "dist_comps": 16,
        "time": 2.9516988433897495e-05,
        "verts": 19
    },
    "compute_ghost_points": {
        "dist_comps": 350336,
        "num_ghost_points": 17491,
        "time": 0.009070330997928977
    },
    "covering_factor": 2.0,
    "dataset": "datasets/izbicki15/small/faces.fvecs",
    "dim": 20,
    "epsilon": 40.0,
    "file_io_time": 0.0008257729932665825,
    "leaf_size": 10,
    "num_points": 10304,
    "num_sites": 16,
    "num_threads": 128,
    "total_time": 0.2502230330137536
}
