{
    "build_epsilon_graph": {
        "density": 60.29153726708075,
        "dist_comps": 22440832,
        "num_edges": 621244,
        "time": 0.32044285198207945
    },
    "build_ghost_trees": {
        "dist_comps": 32586285,
        "time": 0.44232339900918305
    },
    "build_greedy_net": {
        "dist_comps": 1318912,
        "net_sep": 179.68026733398438,
        "time": 0.014627510914579034
    },
    "build_replication_tree": {
        "dist_comps": 995,
        "time": 7.634703069925308e-05,
        "verts": 160
    },
    "compute_ghost_points": {
        "dist_comps": 2957248,
        "num_ghost_points": 309227,
        "time": 0.07381410896778107
    },
    "covering_factor": 2.0,
    "dataset": "datasets/izbicki15/small/faces.fvecs",
    "dim": 20,
    "epsilon": 60.0,
    "file_io_time": 0.000911849900148809,
    "leaf_size": 10,
    "num_points": 10304,
    "num_sites": 128,
    "num_threads": 128,
    "total_time": 0.8521960678044707
}
