{
    "build_epsilon_graph": {
        "density": 60.29153726708075,
        "dist_comps": 24027641,
        "num_edges": 621244,
        "time": 0.3304546169238165
    },
    "build_ghost_trees": {
        "dist_comps": 15178579,
        "time": 0.21149896190036088
    },
    "build_greedy_net": {
        "dist_comps": 659456,
        "net_sep": 212.1273193359375,
        "time": 0.006731986068189144
    },
    "build_replication_tree": {
        "dist_comps": 603,
        "time": 5.898391827940941e-05,
        "verts": 96
    },
    "compute_ghost_points": {
        "dist_comps": 1638336,
        "num_ghost_points": 150398,
        "time": 0.04059253807645291
    },
    "covering_factor": 2.0,
    "dataset": "datasets/izbicki15/small/faces.fvecs",
    "dim": 20,
    "epsilon": 60.0,
    "file_io_time": 0.0008338299812749028,
    "leaf_size": 10,
    "num_points": 10304,
    "num_sites": 64,
    "num_threads": 128,
    "total_time": 0.5901709168683738
}
