{
    "build_epsilon_graph": {
        "density": 60.29153726708075,
        "dist_comps": 25597048,
        "num_edges": 621244,
        "time": 0.3497736050048843
    },
    "build_ghost_trees": {
        "dist_comps": 3784504,
        "time": 0.05834858200978488
    },
    "build_greedy_net": {
        "dist_comps": 164864,
        "net_sep": 281.2472229003906,
        "time": 0.0017750270199030638
    },
    "build_replication_tree": {
        "dist_comps": 16,
        "time": 3.248301800340414e-05,
        "verts": 19
    },
    "compute_ghost_points": {
        "dist_comps": 350336,
        "num_ghost_points": 36376,
        "time": 0.009502144996076822
    },
    "covering_factor": 2.0,
    "dataset": "datasets/izbicki15/small/faces.fvecs",
    "dim": 20,
    "epsilon": 60.0,
    "file_io_time": 0.0008128490298986435,
    "leaf_size": 10,
    "num_points": 10304,
    "num_sites": 16,
    "num_threads": 128,
    "total_time": 0.4202446910785511
}
