{
    "build_epsilon_graph": {
        "density": 188.45458074534162,
        "dist_comps": 34894400,
        "num_edges": 1941836,
        "time": 0.5949475739616901
    },
    "build_ghost_trees": {
        "dist_comps": 13260864,
        "time": 0.18522180803120136
    },
    "build_greedy_net": {
        "dist_comps": 329728,
        "net_sep": 245.1183319091797,
        "time": 0.003422396956011653
    },
    "build_replication_tree": {
        "dist_comps": 465,
        "time": 5.281204357743263e-05,
        "verts": 64
    },
    "compute_ghost_points": {
        "dist_comps": 978880,
        "num_ghost_points": 127055,
        "time": 0.029631978017278016
    },
    "covering_factor": 2.0,
    "dataset": "datasets/izbicki15/small/faces.fvecs",
    "dim": 20,
    "epsilon": 80.0,
    "file_io_time": 0.0008018080843612552,
    "leaf_size": 10,
    "num_points": 10304,
    "num_sites": 32,
    "num_threads": 128,
    "total_time": 0.8140783770941198
}
