{
    "build_epsilon_graph": {
        "density": 3.062305900621118,
        "dist_comps": 8570443,
        "num_edges": 31554,
        "time": 0.09845850802958012
    },
    "build_ghost_trees": {
        "dist_comps": 1315704,
        "time": 0.021475948044098914
    },
    "build_greedy_net": {
        "dist_comps": 164864,
        "net_sep": 281.2472229003906,
        "time": 0.0017720949836075306
    },
    "build_replication_tree": {
        "dist_comps": 16,
        "time": 2.8155045583844185e-05,
        "verts": 19
    },
    "compute_ghost_points": {
        "dist_comps": 350336,
        "num_ghost_points": 5852,
        "time": 0.00853257195558399
    },
    "covering_factor": 2.0,
    "dataset": "datasets/izbicki15/small/faces.fvecs",
    "dim": 20,
    "epsilon": 20.0,
    "file_io_time": 0.007124170078895986,
    "leaf_size": 10,
    "num_points": 10304,
    "num_sites": 16,
    "num_threads": 128,
    "total_time": 0.13739144813735038
}
