{
    "build_epsilon_graph": {
        "density": 188.45458074534162,
        "dist_comps": 33055553,
        "num_edges": 1941836,
        "time": 0.5750193499261513
    },
    "build_ghost_trees": {
        "dist_comps": 50309842,
        "time": 0.6745465178973973
    },
    "build_greedy_net": {
        "dist_comps": 1318912,
        "net_sep": 179.68026733398438,
        "time": 0.013278505997732282
    },
    "build_replication_tree": {
        "dist_comps": 995,
        "time": 8.172809612005949e-05,
        "verts": 160
    },
    "compute_ghost_points": {
        "dist_comps": 2957248,
        "num_ghost_points": 479393,
        "time": 0.07230088394135237
    },
    "covering_factor": 2.0,
    "dataset": "datasets/izbicki15/small/faces.fvecs",
    "dim": 20,
    "epsilon": 80.0,
    "file_io_time": 0.0008022990077733994,
    "leaf_size": 10,
    "num_points": 10304,
    "num_sites": 128,
    "num_threads": 128,
    "total_time": 1.3360292848665267
}
