{
    "build_epsilon_graph": {
        "density": 188.45457458496094,
        "dist_comps": 34383841,
        "num_edges": 1941836,
        "rank_dist_comps": [
            4351762,
            14642605,
            1035849,
            787437,
            614615,
            249579,
            868382,
            860504,
            2435912,
            67952,
            436201,
            1980001,
            500800,
            524730,
            4838677,
            188835
        ],
        "rank_num_edges": [
            328173,
            1260274,
            11798,
            9013,
            5315,
            3302,
            20725,
            12046,
            62007,
            316,
            12790,
            40548,
            3489,
            4475,
            165658,
            1907
        ],
        "sparsity": 0.018289458006620407,
        "time": 0.29522744399992007
    },
    "build_ghost_trees": {
        "dist_comps": 25671332,
        "rank_dist_comps": [
            1022468,
            1341346,
            1933064,
            1341221,
            1391034,
            959222,
            1904692,
            1209424,
            1698727,
            1390740,
            1049065,
            2404519,
            2106669,
            1816315,
            2728063,
            1374763
        ],
        "time": 0.03883201700000427
    },
    "build_greedy_net": {
        "dist_comps": 659456,
        "net_sep": 212.1273193359375,
        "rank_dist_comps": [
            41216,
            41216,
            41216,
            41216,
            41216,
            41216,
            41216,
            41216,
            41216,
            41216,
            41216,
            41216,
            41216,
            41216,
            41216,
            41216
        ],
        "time": 0.0009381069999108149
    },
    "build_replication_tree": {
        "dist_comps": 603,
        "time": 0.00015914799996608053,
        "verts": 96
    },
    "compute_cell_assignments": {
        "time": 7.349200018325064e-05
    },
    "compute_ghost_points": {
        "dist_comps": 1638336,
        "num_ghost_points": 243403,
        "rank_dist_comps": [
            102396,
            102396,
            102396,
            102396,
            102396,
            102396,
            102396,
            102396,
            102396,
            102396,
            102396,
            102396,
            102396,
            102396,
            102396,
            102396
        ],
        "rank_num_ghost_points_recv": [
            9476,
            10220,
            20870,
            13304,
            13439,
            10083,
            16585,
            14361,
            16713,
            12756,
            12130,
            19083,
            16569,
            17413,
            25168,
            15233
        ],
        "rank_num_ghost_points_sent": [
            8837,
            13858,
            17348,
            13692,
            13856,
            15062,
            16149,
            16782,
            16981,
            18206,
            17607,
            18429,
            18888,
            15487,
            12948,
            9273
        ],
        "time": 0.012457193000045663
    },
    "covering_factor": 2.0,
    "dataset": "datasets/izbicki15/small/faces.fvecs",
    "dim": 20,
    "epsilon": 80.0,
    "file_io_time": 0.003510982000079821,
    "leaf_size": 10,
    "num_points": 10304,
    "num_ranks": 16,
    "num_sites": 64,
    "total_time": 0.34768740100003015
}
