{
    "build_epsilon_graph": {
        "density": 3.0623059272766113,
        "dist_comps": 5188370,
        "num_edges": 31554,
        "rank_dist_comps": [
            419196,
            1944828,
            4645,
            22784,
            36321,
            38759,
            808537,
            288265,
            71264,
            22043,
            96458,
            49654,
            11874,
            9996,
            138773,
            7540,
            6388,
            7893,
            33954,
            12527,
            18733,
            33830,
            176303,
            5274,
            20475,
            2388,
            223829,
            137940,
            12485,
            474102,
            2960,
            48352
        ],
        "rank_num_edges": [
            4996,
            4178,
            67,
            267,
            222,
            125,
            1408,
            540,
            14003,
            90,
            472,
            382,
            79,
            118,
            423,
            100,
            81,
            120,
            292,
            99,
            231,
            181,
            420,
            68,
            103,
            67,
            441,
            355,
            161,
            1142,
            61,
            262
        ],
        "sparsity": 0.00029719583108089864,
        "time": 0.02512698100002808
    },
    "build_ghost_trees": {
        "dist_comps": 3768663,
        "rank_dist_comps": [
            164684,
            297380,
            17410,
            15196,
            55913,
            128454,
            519803,
            226285,
            74043,
            84578,
            80632,
            34367,
            40016,
            23069,
            208938,
            22717,
            36203,
            14466,
            28082,
            27384,
            15965,
            114476,
            241278,
            40298,
            93813,
            2169,
            280792,
            374241,
            7499,
            400974,
            7403,
            90135
        ],
        "time": 0.007666531999973358
    },
    "build_greedy_net": {
        "dist_comps": 1318912,
        "net_sep": 179.68026733398438,
        "rank_dist_comps": [
            41216,
            41216,
            41216,
            41216,
            41216,
            41216,
            41216,
            41216,
            41216,
            41216,
            41216,
            41216,
            41216,
            41216,
            41216,
            41216,
            41216,
            41216,
            41216,
            41216,
            41216,
            41216,
            41216,
            41216,
            41216,
            41216,
            41216,
            41216,
            41216,
            41216,
            41216,
            41216
        ],
        "time": 0.0015334710000161067
    },
    "build_replication_tree": {
        "dist_comps": 995,
        "time": 0.0003881119999959992,
        "verts": 160
    },
    "compute_cell_assignments": {
        "time": 0.00019466699995973613
    },
    "compute_ghost_points": {
        "dist_comps": 2956893,
        "num_ghost_points": 41424,
        "rank_dist_comps": [
            92330,
            92391,
            92399,
            92411,
            92413,
            92413,
            92414,
            92414,
            92414,
            92412,
            92414,
            92414,
            92413,
            92408,
            92367,
            92395,
            92402,
            92403,
            92414,
            92414,
            92414,
            92413,
            92414,
            92414,
            92414,
            92414,
            92414,
            92409,
            92408,
            92402,
            92385,
            92337
        ],
        "rank_num_ghost_points_recv": [
            1776,
            1208,
            376,
            484,
            1021,
            1401,
            3813,
            2476,
            1039,
            1097,
            1219,
            860,
            760,
            529,
            2968,
            632,
            637,
            419,
            769,
            528,
            374,
            1576,
            2075,
            585,
            1254,
            128,
            2466,
            4176,
            259,
            2836,
            265,
            1418
        ],
        "rank_num_ghost_points_sent": [
            161,
            381,
            587,
            943,
            1376,
            1296,
            1010,
            885,
            743,
            886,
            1200,
            1183,
            1386,
            1867,
            2147,
            1818,
            1746,
            1710,
            1981,
            1815,
            1917,
            2009,
            2154,
            2323,
            2100,
            1917,
            1441,
            793,
            480,
            565,
            389,
            215
        ],
        "time": 0.005444428000032531
    },
    "covering_factor": 2.0,
    "dataset": "datasets/izbicki15/small/faces.fvecs",
    "dim": 20,
    "epsilon": 20.0,
    "file_io_time": 0.004034065999974246,
    "leaf_size": 10,
    "num_points": 10304,
    "num_ranks": 32,
    "num_sites": 128,
    "total_time": 0.04035419100000581
}
