{
    "build_epsilon_graph": {
        "density": 188.45457458496094,
        "dist_comps": 34894400,
        "num_edges": 1941836,
        "rank_dist_comps": [
            1772772,
            17807315,
            70171,
            270423,
            570928,
            4575,
            8415,
            9536,
            81765,
            33842,
            25063,
            219823,
            20505,
            70292,
            7480480,
            17115,
            72582,
            32981,
            699466,
            11246,
            1216662,
            20202,
            1919979,
            18972,
            4475,
            64554,
            22768,
            12989,
            744752,
            13962,
            932997,
            642793,
            0,
            0,
            0,
            0,
            0,
            0,
            0,
            0,
            0,
            0,
            0,
            0,
            0,
            0,
            0,
            0,
            0,
            0,
            0,
            0,
            0,
            0,
            0,
            0,
            0,
            0,
            0,
            0,
            0,
            0,
            0,
            0
        ],
        "rank_num_edges": [
            254248,
            1342766,
            372,
            4501,
            4634,
            64,
            118,
            39,
            1808,
            179,
            122,
            527,
            531,
            1809,
            234834,
            396,
            2204,
            142,
            3140,
            42,
            10515,
            662,
            43609,
            44,
            51,
            255,
            176,
            635,
            12958,
            507,
            10488,
            9460,
            0,
            0,
            0,
            0,
            0,
            0,
            0,
            0,
            0,
            0,
            0,
            0,
            0,
            0,
            0,
            0,
            0,
            0,
            0,
            0,
            0,
            0,
            0,
            0,
            0,
            0,
            0,
            0,
            0,
            0,
            0,
            0
        ],
        "sparsity": 0.018289458006620407,
        "time": 0.3597183120000409
    },
    "build_ghost_trees": {
        "dist_comps": 13260864,
        "rank_dist_comps": [
            175244,
            767056,
            382789,
            196460,
            502846,
            32058,
            83619,
            278245,
            234883,
            497511,
            490895,
            943749,
            91673,
            178689,
            873404,
            61317,
            108769,
            635742,
            813710,
            464093,
            1012588,
            146682,
            764160,
            368601,
            97077,
            506666,
            236098,
            61689,
            557195,
            101432,
            931675,
            664249,
            0,
            0,
            0,
            0,
            0,
            0,
            0,
            0,
            0,
            0,
            0,
            0,
            0,
            0,
            0,
            0,
            0,
            0,
            0,
            0,
            0,
            0,
            0,
            0,
            0,
            0,
            0,
            0,
            0,
            0,
            0,
            0
        ],
        "time": 0.014408131999971374
    },
    "build_greedy_net": {
        "dist_comps": 329728,
        "net_sep": 245.1183319091797,
        "rank_dist_comps": [
            5152,
            5152,
            5152,
            5152,
            5152,
            5152,
            5152,
            5152,
            5152,
            5152,
            5152,
            5152,
            5152,
            5152,
            5152,
            5152,
            5152,
            5152,
            5152,
            5152,
            5152,
            5152,
            5152,
            5152,
            5152,
            5152,
            5152,
            5152,
            5152,
            5152,
            5152,
            5152,
            5152,
            5152,
            5152,
            5152,
            5152,
            5152,
            5152,
            5152,
            5152,
            5152,
            5152,
            5152,
            5152,
            5152,
            5152,
            5152,
            5152,
            5152,
            5152,
            5152,
            5152,
            5152,
            5152,
            5152,
            5152,
            5152,
            5152,
            5152,
            5152,
            5152,
            5152,
            5152
        ],
        "time": 0.0013151789999028551
    },
    "build_replication_tree": {
        "dist_comps": 465,
        "time": 0.0006503300000986201,
        "verts": 64
    },
    "compute_cell_assignments": {
        "time": 0.0004121590000067954
    },
    "compute_ghost_points": {
        "dist_comps": 978880,
        "num_ghost_points": 127055,
        "rank_dist_comps": [
            15295,
            15295,
            15295,
            15295,
            15295,
            15295,
            15295,
            15295,
            15295,
            15295,
            15295,
            15295,
            15295,
            15295,
            15295,
            15295,
            15295,
            15295,
            15295,
            15295,
            15295,
            15295,
            15295,
            15295,
            15295,
            15295,
            15295,
            15295,
            15295,
            15295,
            15295,
            15295,
            15295,
            15295,
            15295,
            15295,
            15295,
            15295,
            15295,
            15295,
            15295,
            15295,
            15295,
            15295,
            15295,
            15295,
            15295,
            15295,
            15295,
            15295,
            15295,
            15295,
            15295,
            15295,
            15295,
            15295,
            15295,
            15295,
            15295,
            15295,
            15295,
            15295,
            15295,
            15295
        ],
        "rank_num_ghost_points_recv": [
            1006,
            3518,
            4353,
            2773,
            4878,
            876,
            1881,
            3706,
            3613,
            4523,
            5128,
            6070,
            1850,
            3043,
            5762,
            1158,
            2159,
            5150,
            6981,
            4061,
            7006,
            2653,
            6741,
            4438,
            1969,
            5512,
            3104,
            1483,
            5813,
            1806,
            7410,
            6631,
            0,
            0,
            0,
            0,
            0,
            0,
            0,
            0,
            0,
            0,
            0,
            0,
            0,
            0,
            0,
            0,
            0,
            0,
            0,
            0,
            0,
            0,
            0,
            0,
            0,
            0,
            0,
            0,
            0,
            0,
            0,
            0
        ],