{
    "build_epsilon_graph": {
        "density": 14.869759559631348,
        "dist_comps": 15214907,
        "num_edges": 153218,
        "rank_dist_comps": [
            1678292,
            7939646,
            5263027,
            333942
        ],
        "rank_num_edges": [
            67257,
            60714,
            22978,
            2269
        ],
        "sparsity": 0.0014431055169552565,
        "time": 0.09645545000000766
    },
    "build_ghost_trees": {
        "dist_comps": 3532789,
        "rank_dist_comps": [
            737127,
            885544,
            1539866,
            370252
        ],
        "time": 0.02079764300003717
    },
    "build_greedy_net": {
        "dist_comps": 329728,
        "net_sep": 245.1183319091797,
        "rank_dist_comps": [
            82432,
            82432,
            82432,
            82432
        ],
        "time": 0.0011264530000971718
    },
    "build_replication_tree": {
        "dist_comps": 465,
        "time": 7.31119999954899e-05,
        "verts": 64
    },
    "compute_cell_assignments": {
        "time": 1.830500002597546e-05
    },
    "compute_ghost_points": {
        "dist_comps": 978869,
        "num_ghost_points": 35628,
        "rank_dist_comps": [
            244716,
            244719,
            244720,
            244714
        ],
        "rank_num_ghost_points_recv": [
            8783,
            5812,
            14939,
            6094
        ],
        "rank_num_ghost_points_sent": [
            7962,
            8809,
            10695,
            8162
        ],
        "time": 0.012161496999965493
    },
    "covering_factor": 2.0,
    "dataset": "datasets/izbicki15/small/faces.fvecs",
    "dim": 20,
    "epsilon": 40.0,
    "file_io_time": 0.0031349859999636465,
    "leaf_size": 10,
    "num_points": 10304,
    "num_ranks": 4,
    "num_sites": 32,
    "total_time": 0.13063246000012896
}
