{
    "build_epsilon_graph": {
        "density": 14.869759559631348,
        "dist_comps": 13734856,
        "num_edges": 153218,
        "rank_dist_comps": [
            13734856
        ],
        "rank_num_edges": [
            153218
        ],
        "sparsity": 0.0014431055169552565,
        "time": 0.16822512099997766
    },
    "build_ghost_trees": {
        "dist_comps": 8069996,
        "rank_dist_comps": [
            8069996
        ],
        "time": 0.10546359599993593
    },
    "build_greedy_net": {
        "dist_comps": 659456,
        "net_sep": 212.1273193359375,
        "rank_dist_comps": [
            659456
        ],
        "time": 0.005845988000032776
    },
    "build_replication_tree": {
        "dist_comps": 603,
        "time": 5.164000003787805e-05,
        "verts": 96
    },
    "compute_cell_assignments": {
        "time": 3.816999992523051e-06
    },
    "compute_ghost_points": {
        "dist_comps": 1638325,
        "num_ghost_points": 76825,
        "rank_dist_comps": [
            1638325
        ],
        "rank_num_ghost_points_recv": [
            76825
        ],
        "rank_num_ghost_points_sent": [
            76825
        ],
        "time": 0.04420686800006024
    },
    "covering_factor": 2.0,
    "dataset": "datasets/izbicki15/small/faces.fvecs",
    "dim": 20,
    "epsilon": 40.0,
    "file_io_time": 0.002090442000053372,
    "leaf_size": 10,
    "num_points": 10304,
    "num_ranks": 1,
    "num_sites": 64,
    "total_time": 0.323797030000037
}
