{
    "build_epsilon_graph": {
        "density": 14.869759559631348,
        "dist_comps": 15214907,
        "num_edges": 153218,
        "rank_dist_comps": [
            797197,
            7892058,
            202642,
            60347,
            585149,
            6852,
            763410,
            3838,
            19998,
            18562,
            7861,
            61393,
            275948,
            22174,
            4289114,
            208364
        ],
        "rank_num_edges": [
            63049,
            60009,
            448,
            647,
            1952,
            151,
            5207,
            39,
            269,
            123,
            108,
            255,
            1987,
            431,
            17215,
            1328
        ],
        "sparsity": 0.0014431055169552565,
        "time": 0.10673161399995479
    },
    "build_ghost_trees": {
        "dist_comps": 3532789,
        "rank_dist_comps": [
            149266,
            762972,
            395215,
            37075,
            428130,
            20894,
            274471,
            28112,
            32478,
            55778,
            45602,
            133202,
            127253,
            45900,
            824578,
            171863
        ],
        "time": 0.012672126999973443
    },
    "build_greedy_net": {
        "dist_comps": 329728,
        "net_sep": 245.1183319091797,
        "rank_dist_comps": [
            20608,
            20608,
            20608,
            20608,
            20608,
            20608,
            20608,
            20608,
            20608,
            20608,
            20608,
            20608,
            20608,
            20608,
            20608,
            20608
        ],
        "time": 0.0006113350000305218
    },
    "build_replication_tree": {
        "dist_comps": 465,
        "time": 0.00011252799993144436,
        "verts": 64
    },
    "compute_cell_assignments": {
        "time": 8.281099997020647e-05
    },
    "compute_ghost_points": {
        "dist_comps": 978869,
        "num_ghost_points": 35628,
        "rank_dist_comps": [
            61176,
            61180,
            61180,
            61180,
            61180,
            61180,
            61180,
            61179,
            61180,
            61180,
            61180,
            61180,
            61180,
            61180,
            61180,
            61174
        ],
        "rank_num_ghost_points_recv": [
            967,
            2742,
            3579,
            822,
            4630,
            585,
            2977,
            789,
            926,
            1332,
            947,
            1895,
            2260,
            1153,
            7436,
            2588
        ],
        "rank_num_ghost_points_sent": [
            1121,
            1794,
            2910,
            2137,
            1602,
            2111,
            2554,
            2542,
            2443,
            2834,
            2674,
            2744,
            2797,
            2427,
            1759,
            1179
        ],
        "time": 0.006138244999988274
    },
    "covering_factor": 2.0,
    "dataset": "datasets/izbicki15/small/faces.fvecs",
    "dim": 20,
    "epsilon": 40.0,
    "file_io_time": 0.003226221999966583,
    "leaf_size": 10,
    "num_points": 10304,
    "num_ranks": 16,
    "num_sites": 32,
    "total_time": 0.12634865999984868
}
