{
    "build_epsilon_graph": {
        "density": 3.0623059272766113,
        "dist_comps": 6009218,
        "num_edges": 31554,
        "rank_dist_comps": [
            2400851,
            3608367
        ],
        "rank_num_edges": [
            23975,
            7579
        ],
        "sparsity": 0.00029719583108089864,
        "time": 0.04125819200004344
    },
    "build_ghost_trees": {
        "dist_comps": 2626662,
        "rank_dist_comps": [
            1412312,
            1214350
        ],
        "time": 0.019549889000018084
    },
    "build_greedy_net": {
        "dist_comps": 659456,
        "net_sep": 212.1273193359375,
        "rank_dist_comps": [
            329728,
            329728
        ],
        "time": 0.0033853010000370887
    },
    "build_replication_tree": {
        "dist_comps": 603,
        "time": 6.960500002151093e-05,
        "verts": 96
    },
    "compute_cell_assignments": {
        "time": 1.2854999965838942e-05
    },
    "compute_ghost_points": {
        "dist_comps": 1638083,
        "num_ghost_points": 23773,
        "rank_dist_comps": [
            819028,
            819055
        ],
        "rank_num_ghost_points_recv": [
            13816,
            9957
        ],
        "rank_num_ghost_points_sent": [
            10507,
            13266
        ],
        "time": 0.023356465999995635
    },
    "covering_factor": 2.0,
    "dataset": "datasets/izbicki15/small/faces.fvecs",
    "dim": 20,
    "epsilon": 20.0,
    "file_io_time": 0.0024845350000077815,
    "leaf_size": 10,
    "num_points": 10304,
    "num_ranks": 2,
    "num_sites": 64,
    "total_time": 0.0876323080000816
}
