{
    "build_epsilon_graph": {
        "density": 3.0623059272766113,
        "dist_comps": 5188370,
        "num_edges": 31554,
        "rank_dist_comps": [
            267450,
            1944788,
            858,
            12677,
            4403,
            208,
            611393,
            301,
            54117,
            867,
            10478,
            1565,
            4164,
            1805,
            115436,
            5010,
            2311,
            6013,
            7974,
            1873,
            17974,
            8170,
            174982,
            2920,
            258,
            1620,
            1733,
            19986,
            2554,
            2837,
            1752,
            25783,
            151746,
            40,
            3787,
            10107,
            31918,
            38551,
            197144,
            287964,
            17147,
            21176,
            85980,
            48089,
            7710,
            8191,
            23337,
            2530,
            4077,
            1880,
            25980,
            10654,
            759,
            25660,
            1321,
            2354,
            20217,
            768,
            222096,
            117954,
            9931,
            471265,
            1208,
            22569
        ],
        "rank_num_edges": [
            4499,
            4172,
            26,
            173,
            71,
            14,
            1093,
            14,
            13927,
            26,
            91,
            35,
            37,
            53,
            327,
            68,
            47,
            72,
            72,
            29,
            206,
            90,
            400,
            22,
            19,
            46,
            43,
            102,
            49,
            109,
            27,
            182,
            497,
            6,
            41,
            94,
            151,
            111,
            315,
            526,
            76,
            64,
            381,
            347,
            42,
            65,
            96,
            32,
            34,
            48,
            220,
            70,
            25,
            91,
            20,
            46,
            84,
            21,
            398,
            253,
            112,
            1033,
            34,
            80
        ],
        "sparsity": 0.00029719583108089864,
        "time": 0.024944156999993083
    },
    "build_ghost_trees": {
        "dist_comps": 3768663,
        "rank_dist_comps": [
            53572,
            297358,
            598,
            5004,
            5306,
            111,
            298725,
            207,
            8724,
            1746,
            7944,
            877,
            9600,
            724,
            153317,
            15838,
            976,
            13045,
            11022,
            3246,
            15607,
            3573,
            237127,
            39018,
            118,
            1333,
            904,
            45070,
            4719,
            1179,
            6189,
            38257,
            111112,
            22,
            16812,
            10192,
            50607,
            128343,
            221078,
            226078,
            65319,
            82832,
            72688,
            33490,
            30416,
            22345,
            55621,
            6879,
            35227,
            1421,
            17060,
            24138,
            358,
            110903,
            4151,
            1280,
            93695,
            836,
            279888,
            329171,
            2780,
            399795,
            1214,
            51878
        ],
        "time": 0.006297770999992736
    },
    "build_greedy_net": {
        "dist_comps": 1318912,
        "net_sep": 179.68026733398438,
        "rank_dist_comps": [
            20608,
            20608,
            20608,
            20608,
            20608,
            20608,
            20608,
            20608,
            20608,
            20608,
            20608,
            20608,
            20608,
            20608,
            20608,
            20608,
            20608,
            20608,
            20608,
            20608,
            20608,
            20608,
            20608,
            20608,
            20608,
            20608,
            20608,
            20608,
            20608,
            20608,
            20608,
            20608,
            20608,
            20608,
            20608,
            20608,
            20608,
            20608,
            20608,
            20608,
            20608,
            20608,
            20608,
            20608,
            20608,
            20608,
            20608,
            20608,
            20608,
            20608,
            20608,
            20608,
            20608,
            20608,
            20608,
            20608,
            20608,
            20608,
            20608,
            20608,
            20608,
            20608,
            20608,
            20608
        ],
        "time": 0.001977410999984386
    },
    "build_replication_tree": {
        "dist_comps": 995,
        "time": 0.0005676399999856585,
        "verts": 160
    },
    "compute_cell_assignments": {
        "time": 0.0004116069999895444
    },
    "compute_ghost_points": {
        "dist_comps": 2956893,
        "num_ghost_points": 41424,
        "rank_dist_comps": [
            46149,
            46181,
            46190,
            46201,
            46195,
            46204,
            46205,
            46206,
            46207,
            46206,
            46206,
            46207,
            46207,
            46207,
            46207,
            46207,
            46207,
            46207,
            46207,
            46205,
            46207,
            46207,
            46207,
            46207,
            46207,
            46206,
            46206,
            46202,
            46169,
            46198,
            46193,
            46202,
            46199,
            46203,
            46201,
            46202,
            46207,
            46207,
            46207,
            46207,
            46207,
            46207,
            46206,
            46207,
            46207,
            46207,
            46207,
            46207,
            46207,
            46207,
            46207,
            46207,
            46207,
            46207,
            46205,
            46204,
            46205,
            46203,
            46201,
            46201,
            46202,
            46183,
            46179,
            46158
        ],
        "rank_num_ghost_points_recv": [
            279,
            1206,
            36,
            147,
            230,
            10,
            1904,
            19,
            70,
            94,
            212,
            37,
            212,
            38,
            2205,
            386,
            48,
            334,
            276,
            100,
            353,
            125,
            1917,
            522,
            4,
            76,
            38,
            723,
            193,
            65,
            196,
            730,
            1497,
            2,
            340,
            337,
            791,
            1391,
            1909,
            2457,
            969,
            1003,
            1007,
            823,
            548,
            491,
            763,
            246,
            589,
            85,
            493,
            428,
            21,
            1451,
            158,
            63,
            1250,
            52,
            2428,
            3453,
            66,
            2771,
            69,
            688
        ],