{
    "build_epsilon_graph": {
        "density": 14.869759559631348,
        "dist_comps": 15214907,
        "num_edges": 153218,
        "rank_dist_comps": [
            6941319,
            8273588
        ],
        "rank_num_edges": [
            90235,
            62983
        ],
        "sparsity": 0.0014431055169552565,
        "time": 0.10078960800001369
    },
    "build_ghost_trees": {
        "dist_comps": 3532789,
        "rank_dist_comps": [
            2276993,
            1255796
        ],
        "time": 0.031485946000088916
    },
    "build_greedy_net": {
        "dist_comps": 329728,
        "net_sep": 245.1183319091797,
        "rank_dist_comps": [
            164864,
            164864
        ],
        "time": 0.001844694999931562
    },
    "build_replication_tree": {
        "dist_comps": 465,
        "time": 5.631800001992815e-05,
        "verts": 64
    },
    "compute_cell_assignments": {
        "time": 1.681300000200281e-05
    },
    "compute_ghost_points": {
        "dist_comps": 978869,
        "num_ghost_points": 35628,
        "rank_dist_comps": [
            489435,
            489434
        ],
        "rank_num_ghost_points_recv": [
            23722,
            11906
        ],
        "rank_num_ghost_points_sent": [
            16771,
            18857
        ],
        "time": 0.02070363100006034
    },
    "covering_factor": 2.0,
    "dataset": "datasets/izbicki15/small/faces.fvecs",
    "dim": 20,
    "epsilon": 40.0,
    "file_io_time": 0.0028886279999369435,
    "leaf_size": 10,
    "num_points": 10304,
    "num_ranks": 2,
    "num_sites": 32,
    "total_time": 0.15489701100011644
}
