{
    "build_epsilon_graph": {
        "density": 14.869759559631348,
        "dist_comps": 13734856,
        "num_edges": 153218,
        "rank_dist_comps": [
            3055999,
            6586466,
            2684253,
            1408138
        ],
        "rank_num_edges": [
            71814,
            56499,
            18316,
            6589
        ],
        "sparsity": 0.0014431055169552565,
        "time": 0.0801660530000845
    },
    "build_ghost_trees": {
        "dist_comps": 8069996,
        "rank_dist_comps": [
            2041151,
            2198943,
            2299959,
            1529943
        ],
        "time": 0.030701095000040368
    },
    "build_greedy_net": {
        "dist_comps": 659456,
        "net_sep": 212.1273193359375,
        "rank_dist_comps": [
            164864,
            164864,
            164864,
            164864
        ],
        "time": 0.0020047550000299452
    },
    "build_replication_tree": {
        "dist_comps": 603,
        "time": 8.08869999673334e-05,
        "verts": 96
    },
    "compute_cell_assignments": {
        "time": 1.813500000480417e-05
    },
    "compute_ghost_points": {
        "dist_comps": 1638325,
        "num_ghost_points": 76825,
        "rank_dist_comps": [
            409580,
            409583,
            409584,
            409578
        ],
        "rank_num_ghost_points_recv": [
            20435,
            15470,
            24230,
            16690
        ],
        "rank_num_ghost_points_sent": [
            15346,
            19372,
            25709,
            16398
        ],
        "time": 0.01828766000005544
    },
    "covering_factor": 2.0,
    "dataset": "datasets/izbicki15/small/faces.fvecs",
    "dim": 20,
    "epsilon": 40.0,
    "file_io_time": 0.0031754539999155895,
    "leaf_size": 10,
    "num_points": 10304,
    "num_ranks": 4,
    "num_sites": 64,
    "total_time": 0.1312585850001824
}
