{
    "build_epsilon_graph": {
        "density": 14.869759559631348,
        "dist_comps": 12730787,
        "num_edges": 153218,
        "rank_dist_comps": [
            896291,
            4350826,
            123687,
            96014,
            187870,
            235441,
            2436621,
            808262,
            215332,
            78886,
            847497,
            585572,
            73065,
            1176166,
            431964,
            187293
        ],
        "rank_num_edges": [
            37751,
            44727,
            1006,
            1011,
            1473,
            1014,
            13496,
            4494,
            25124,
            320,
            4137,
            3702,
            471,
            11355,
            2222,
            915
        ],
        "sparsity": 0.0014431055169552565,
        "time": 0.05499499399991237
    },
    "build_ghost_trees": {
        "dist_comps": 15997095,
        "rank_dist_comps": [
            946145,
            799159,
            678906,
            345137,
            322649,
            983575,
            1604280,
            1425883,
            1035410,
            392506,
            1202070,
            1610864,
            632420,
            1605931,
            1533045,
            879115
        ],
        "time": 0.02306808399998772
    },
    "build_greedy_net": {
        "dist_comps": 1318912,
        "net_sep": 179.68026733398438,
        "rank_dist_comps": [
            82432,
            82432,
            82432,
            82432,
            82432,
            82432,
            82432,
            82432,
            82432,
            82432,
            82432,
            82432,
            82432,
            82432,
            82432,
            82432
        ],
        "time": 0.001519834999953673
    },
    "build_replication_tree": {
        "dist_comps": 995,
        "time": 0.00015193399997315282,
        "verts": 160
    },
    "compute_cell_assignments": {
        "time": 8.355199997822638e-05
    },
    "compute_ghost_points": {
        "dist_comps": 2957223,
        "num_ghost_points": 154387,
        "rank_dist_comps": [
            184823,
            184828,
            184828,
            184828,
            184828,
            184828,
            184828,
            184821,
            184828,
            184828,
            184828,
            184828,
            184828,
            184827,
            184824,
            184820
        ],
        "rank_num_ghost_points_recv": [
            9593,
            5109,
            8001,
            4834,
            6088,
            9655,
            15253,
            11746,
            9333,
            4837,
            10357,
            16074,
            8041,
            12627,
            13814,
            9025
        ],
        "rank_num_ghost_points_sent": [
            2211,
            5801,
            10308,
            8546,
            7967,
            9901,
            12376,
            13316,
            12153,
            12671,
            13968,
            15450,
            14991,
            8744,
            3946,
            2038
        ],
        "time": 0.01187988200001655
    },
    "covering_factor": 2.0,
    "dataset": "datasets/izbicki15/small/faces.fvecs",
    "dim": 20,
    "epsilon": 40.0,
    "file_io_time": 0.0033204740000201127,
    "leaf_size": 10,
    "num_points": 10304,
    "num_ranks": 16,
    "num_sites": 128,
    "total_time": 0.09169828099982169
}
