{
    "build_epsilon_graph": {
        "density": 60.29153823852539,
        "dist_comps": 24027641,
        "num_edges": 621244,
        "rank_dist_comps": [
            3033904,
            10619953,
            216193,
            85944,
            83663,
            28173,
            2850,
            545313,
            747042,
            7327,
            219783,
            470349,
            224606,
            120436,
            3198071,
            13365,
            28870,
            13849,
            371678,
            461370,
            277897,
            135247,
            645953,
            27980,
            958441,
            18088,
            12677,
            926281,
            101374,
            224952,
            115119,
            90893
        ],
        "rank_num_edges": [
            164984,
            340689,
            514,
            1724,
            733,
            1520,
            55,
            2853,
            5165,
            66,
            5479,
            6664,
            316,
            507,
            51772,
            204,
            868,
            436,
            3940,
            2130,
            1414,
            420,
            8533,
            480,
            10377,
            121,
            180,
            6278,
            1456,
            559,
            137,
            670
        ],
        "sparsity": 0.005851275287568569,
        "time": 0.17142228599982445
    },
    "build_ghost_trees": {
        "dist_comps": 15178579,
        "rank_dist_comps": [
            732099,
            833179,
            796091,
            64103,
            253785,
            35184,
            33458,
            708335,
            555225,
            53345,
            221650,
            599734,
            748854,
            534487,
            1415517,
            239049,
            46314,
            117252,
            790025,
            480966,
            462067,
            572816,
            915791,
            76185,
            682354,
            193020,
            51695,
            803304,
            286981,
            797408,
            681959,
            396347
        ],
        "time": 0.020438825999917754
    },
    "build_greedy_net": {
        "dist_comps": 659456,
        "net_sep": 212.1273193359375,
        "rank_dist_comps": [
            20608,
            20608,
            20608,
            20608,
            20608,
            20608,
            20608,
            20608,
            20608,
            20608,
            20608,
            20608,
            20608,
            20608,
            20608,
            20608,
            20608,
            20608,
            20608,
            20608,
            20608,
            20608,
            20608,
            20608,
            20608,
            20608,
            20608,
            20608,
            20608,
            20608,
            20608,
            20608
        ],
        "time": 0.0009876229999008501
    },
    "build_replication_tree": {
        "dist_comps": 603,
        "time": 0.00026430299999447016,
        "verts": 96
    },
    "compute_cell_assignments": {
        "time": 0.00016360700010409346
    },
    "compute_ghost_points": {
        "dist_comps": 1638336,
        "num_ghost_points": 150398,
        "rank_dist_comps": [
            51198,
            51198,
            51198,
            51198,
            51198,
            51198,
            51198,
            51198,
            51198,
            51198,
            51198,
            51198,
            51198,
            51198,
            51198,
            51198,
            51198,
            51198,
            51198,
            51198,
            51198,
            51198,
            51198,
            51198,
            51198,
            51198,
            51198,
            51198,
            51198,
            51198,
            51198,
            51198
        ],
        "rank_num_ghost_points_recv": [
            4933,
            3491,
            6388,
            1607,
            3603,
            766,
            985,
            6419,
            6057,
            1265,
            3174,
            6620,
            5946,
            6340,
            10919,
            2905,
            1105,
            2434,
            7055,
            5229,
            5073,
            5877,
            9579,
            1756,
            6236,
            3335,
            1387,
            6634,
            4068,
            6871,
            8068,
            4273
        ],
        "rank_num_ghost_points_sent": [
            1723,
            2796,
            3490,
            4434,
            5697,
            5351,
            4316,
            4106,
            4027,
            4331,
            4791,
            4540,
            4755,
            5599,
            5601,
            5399,
            5247,
            5616,
            5970,
            6035,
            5866,
            5831,
            5990,
            6282,
            6438,
            5946,
            5167,
            3488,
            3052,
            3648,
            3764,
            1102
        ],
        "time": 0.0073961340001460485
    },
    "covering_factor": 2.0,
    "dataset": "datasets/izbicki15/small/faces.fvecs",
    "dim": 20,
    "epsilon": 60.0,
    "file_io_time": 0.004114780000008977,
    "leaf_size": 10,
    "num_points": 10304,
    "num_ranks": 32,
    "num_sites": 64,
    "total_time": 0.20067277899988767
}
