{
    "build_epsilon_graph": {
        "density": 188.45457458496094,
        "dist_comps": 33055553,
        "num_edges": 1941836,
        "rank_dist_comps": [
            2592685,
            9885350,
            69001,
            230605,
            476383,
            354619,
            4469275,
            1762045,
            364046,
            259446,
            783840,
            706527,
            191924,
            149094,
            1224804,
            142462,
            74070,
            145381,
            493906,
            213662,
            236330,
            382088,
            1091980,
            68304,
            259210,
            38833,
            1524268,
            1149569,
            159778,
            2871972,
            72304,
            611792
        ],
        "rank_num_edges": [
            236195,
            1007764,
            335,
            4850,
            4162,
            6385,
            225522,
            74332,
            34434,
            4650,
            19163,
            12953,
            426,
            1475,
            23053,
            1215,
            474,
            1463,
            9256,
            1221,
            4710,
            4048,
            46783,
            583,
            2738,
            357,
            51457,
            23258,
            3102,
            129200,
            330,
            5942
        ],
        "sparsity": 0.018289458006620407,
        "time": 0.22395991600001253
    },
    "build_ghost_trees": {
        "dist_comps": 50309842,
        "rank_dist_comps": [
            1490177,
            1062433,
            926112,
            681563,
            1636517,
            779492,
            1573862,
            2005077,
            763864,
            1543770,
            1802899,
            2159222,
            2339108,
            1720053,
            2410306,
            1984679,
            1066250,
            1144812,
            2600869,
            1388459,
            959479,
            1932145,
            2140846,
            1017290,
            1847880,
            1103020,
            1013796,
            2542950,
            743340,
            1770688,
            2000042,
            2158842
        ],
        "time": 0.03657969400001093
    },
    "build_greedy_net": {
        "dist_comps": 1318912,
        "net_sep": 179.68026733398438,
        "rank_dist_comps": [
            41216,
            41216,
            41216,
            41216,
            41216,
            41216,
            41216,
            41216,
            41216,
            41216,
            41216,
            41216,
            41216,
            41216,
            41216,
            41216,
            41216,
            41216,
            41216,
            41216,
            41216,
            41216,
            41216,
            41216,
            41216,
            41216,
            41216,
            41216,
            41216,
            41216,
            41216,
            41216
        ],
        "time": 0.004684966000013446
    },
    "build_replication_tree": {
        "dist_comps": 995,
        "time": 0.0002661149999312329,
        "verts": 160
    },
    "compute_cell_assignments": {
        "time": 0.000133718999904886
    },
    "compute_ghost_points": {
        "dist_comps": 2957248,
        "num_ghost_points": 479393,
        "rank_dist_comps": [
            92414,
            92414,
            92414,
            92414,
            92414,
            92414,
            92414,
            92414,
            92414,
            92414,
            92414,
            92414,
            92414,
            92414,
            92414,
            92414,
            92414,
            92414,
            92414,
            92414,
            92414,
            92414,
            92414,
            92414,
            92414,
            92414,
            92414,
            92414,
            92414,
            92414,
            92414,
            92414
        ],
        "rank_num_ghost_points_recv": [
            14714,
            6715,
            11790,
            9327,
            17310,
            9010,
            15896,
            18019,
            10140,
            14353,
            17593,
            18035,
            20794,
            15821,
            21237,
            16808,
            10638,
            12866,
            22082,
            13543,
            10118,
            16972,
            19559,
            11414,
            14402,
            12254,
            11073,
            21614,
            10931,
            15893,
            19036,
            19436
        ],
        "rank_num_ghost_points_sent": [
            5137,
            8113,
            10329,
            13908,
            16108,
            14888,
            14787,
            14312,
            14739,
            15177,
            16676,
            16412,
            16952,
            18836,
            18395,
            17773,
            17779,
            17741,
            18226,
            17368,
            17703,
            18739,
            19385,
            19671,
            19995,
            19041,
            16989,
            12635,
            9732,
            9462,
            8068,
            4317
        ],
        "time": 0.016241853999872546
    },
    "covering_factor": 2.0,
    "dataset": "datasets/izbicki15/small/faces.fvecs",
    "dim": 20,
    "epsilon": 80.0,
    "file_io_time": 0.004131312999788861,
    "leaf_size": 10,
    "num_points": 10304,
    "num_ranks": 32,
    "num_sites": 128,
    "total_time": 0.28186626399974557
}
