{
    "build_epsilon_graph": {
        "density": 188.45457458496094,
        "dist_comps": 34894400,
        "num_edges": 1941836,
        "rank_dist_comps": [
            4484441,
            18047723,
            11159339,
            1202897
        ],
        "rank_num_edges": [
            286949,
            1346384,
            292859,
            15644
        ],
        "sparsity": 0.018289458006620407,
        "time": 0.3277461399998174
    },
    "build_ghost_trees": {
        "dist_comps": 13260864,
        "rank_dist_comps": [
            2780275,
            2865836,
            4576350,
            3038403
        ],
        "time": 0.05919651500016698
    },
    "build_greedy_net": {
        "dist_comps": 329728,
        "net_sep": 245.1183319091797,
        "rank_dist_comps": [
            82432,
            82432,
            82432,
            82432
        ],
        "time": 0.0011314719999973022
    },
    "build_replication_tree": {
        "dist_comps": 465,
        "time": 7.830100003047846e-05,
        "verts": 64
    },
    "compute_cell_assignments": {
        "time": 1.548000000184402e-05
    },
    "compute_ghost_points": {
        "dist_comps": 978880,
        "num_ghost_points": 127055,
        "rank_dist_comps": [
            244720,
            244720,
            244720,
            244720
        ],
        "rank_num_ghost_points_recv": [
            28294,
            27081,
            41360,
            30320
        ],
        "rank_num_ghost_points_sent": [
            29353,
            29609,
            36786,
            31307
        ],
        "time": 0.018947937000120874
    },
    "covering_factor": 2.0,
    "dataset": "datasets/izbicki15/small/faces.fvecs",
    "dim": 20,
    "epsilon": 80.0,
    "file_io_time": 0.0032094569999117084,
    "leaf_size": 10,
    "num_points": 10304,
    "num_ranks": 4,
    "num_sites": 32,
    "total_time": 0.40711584500013487
}
