{
    "build_epsilon_graph": {
        "density": 3.0623059272766113,
        "dist_comps": 7104185,
        "num_edges": 31554,
        "rank_dist_comps": [
            491139,
            4017683,
            5170,
            33500,
            63315,
            897,
            1784,
            595,
            8781,
            1869,
            3018,
            15079,
            4076,
            6623,
            1640978,
            3996,
            15855,
            3452,
            75043,
            516,
            158546,
            3614,
            269609,
            996,
            629,
            3985,
            2250,
            3396,
            90912,
            1501,
            116181,
            59197
        ],
        "rank_num_edges": [
            18847,
            6082,
            64,
            225,
            300,
            23,
            29,
            17,
            87,
            43,
            33,
            80,
            52,
            103,
            2519,
            66,
            210,
            32,
            206,
            12,
            477,
            51,
            812,
            20,
            17,
            47,
            39,
            51,
            394,
            32,
            261,
            323
        ],
        "sparsity": 0.00029719583108089864,
        "time": 0.050169186000005084
    },
    "build_ghost_trees": {
        "dist_comps": 1882858,
        "rank_dist_comps": [
            104372,
            756443,
            2541,
            7680,
            33624,
            333,
            1462,
            363,
            8090,
            1161,
            2745,
            9722,
            3581,
            4839,
            449027,
            1998,
            9239,
            5399,
            79074,
            451,
            93047,
            2409,
            101159,
            1173,
            245,
            3720,
            1528,
            2055,
            36768,
            2788,
            120302,
            35520
        ],
        "time": 0.010078366000016103
    },
    "build_greedy_net": {
        "dist_comps": 329728,
        "net_sep": 245.1183319091797,
        "rank_dist_comps": [
            10304,
            10304,
            10304,
            10304,
            10304,
            10304,
            10304,
            10304,
            10304,
            10304,
            10304,
            10304,
            10304,
            10304,
            10304,
            10304,
            10304,
            10304,
            10304,
            10304,
            10304,
            10304,
            10304,
            10304,
            10304,
            10304,
            10304,
            10304,
            10304,
            10304,
            10304,
            10304
        ],
        "time": 0.0008330830000318201
    },
    "build_replication_tree": {
        "dist_comps": 465,
        "time": 0.00022195999997620675,
        "verts": 64
    },
    "compute_cell_assignments": {
        "time": 0.00017092100000581922
    },
    "compute_ghost_points": {
        "dist_comps": 978633,
        "num_ghost_points": 11001,
        "rank_dist_comps": [
            30507,
            30573,
            30576,
            30588,
            30589,
            30590,
            30590,
            30590,
            30590,
            30590,
            30590,
            30590,
            30590,
            30588,
            30579,
            30585,
            30587,
            30587,
            30590,
            30590,
            30590,
            30590,
            30590,
            30590,
            30590,
            30590,
            30590,
            30590,
            30589,
            30585,
            30561,
            30519
        ],
        "rank_num_ghost_points_recv": [
            206,
            1035,
            55,
            174,
            503,
            14,
            44,
            16,
            244,
            45,
            66,
            166,
            113,
            129,
            1607,
            56,
            205,
            157,
            993,
            29,
            911,
            80,
            848,
            63,
            18,
            137,
            55,
            74,
            603,
            148,
            1431,
            776
        ],
        "rank_num_ghost_points_sent": [
            142,
            147,
            193,
            312,
            507,
            588,
            341,
            296,
            205,
            244,
            289,
            305,
            325,
            416,
            418,
            403,
            388,
            431,
            417,
            423,
            468,
            386,
            406,
            413,
            443,
            429,
            401,
            332,
            258,
            276,
            280,
            119
        ],
        "time": 0.0036777050000296185
    },
    "covering_factor": 2.0,
    "dataset": "datasets/izbicki15/small/faces.fvecs",
    "dim": 20,
    "epsilon": 20.0,
    "file_io_time": 0.004024426999990283,
    "leaf_size": 10,
    "num_points": 10304,
    "num_ranks": 32,
    "num_sites": 32,
    "total_time": 0.06515122100006465
}
