{
    "build_epsilon_graph": {
        "density": 14.869759559631348,
        "dist_comps": 13734856,
        "num_edges": 153218,
        "rank_dist_comps": [
            1790850,
            6322833,
            121506,
            52393,
            33643,
            16189,
            1373,
            282263,
            406916,
            2038,
            101104,
            183439,
            135647,
            53677,
            1934102,
            5157,
            14598,
            7268,
            172671,
            211783,
            118563,
            57382,
            294448,
            12198,
            520029,
            7164,
            5606,
            620382,
            35753,
            119915,
            53443,
            40523
        ],
        "rank_num_edges": [
            66033,
            55010,
            198,
            582,
            323,
            698,
            30,
            694,
            1247,
            37,
            1735,
            2432,
            170,
            174,
            12876,
            99,
            438,
            167,
            1011,
            879,
            466,
            142,
            2281,
            162,
            2553,
            78,
            110,
            1540,
            584,
            193,
            75,
            201
        ],
        "sparsity": 0.0014431055169552565,
        "time": 0.08634836299995641
    },
    "build_ghost_trees": {
        "dist_comps": 8069996,
        "rank_dist_comps": [
            423302,
            809670,
            413324,
            17672,
            62228,
            16917,
            4291,
            454366,
            334295,
            11003,
            45497,
            126524,
            326205,
            457367,
            857518,
            31973,
            10679,
            17433,
            243660,
            255799,
            207360,
            288844,
            346572,
            10452,
            620651,
            25802,
            7796,
            562239,
            56431,
            571907,
            381301,
            70918
        ],
        "time": 0.013181675000055293
    },
    "build_greedy_net": {
        "dist_comps": 659456,
        "net_sep": 212.1273193359375,
        "rank_dist_comps": [
            20608,
            20608,
            20608,
            20608,
            20608,
            20608,
            20608,
            20608,
            20608,
            20608,
            20608,
            20608,
            20608,
            20608,
            20608,
            20608,
            20608,
            20608,
            20608,
            20608,
            20608,
            20608,
            20608,
            20608,
            20608,
            20608,
            20608,
            20608,
            20608,
            20608,
            20608,
            20608
        ],
        "time": 0.0009907600000360617
    },
    "build_replication_tree": {
        "dist_comps": 603,
        "time": 0.000257498999985728,
        "verts": 96
    },
    "compute_cell_assignments": {
        "time": 0.00016045099994244083
    },
    "compute_ghost_points": {
        "dist_comps": 1638325,
        "num_ghost_points": 76825,
        "rank_dist_comps": [
            51194,
            51198,
            51198,
            51198,
            51198,
            51198,
            51198,
            51198,
            51198,
            51198,
            51198,
            51198,
            51198,
            51198,
            51197,
            51198,
            51198,
            51198,
            51198,
            51198,
            51198,
            51198,
            51198,
            51198,
            51198,
            51198,
            51198,
            51198,
            51198,
            51198,
            51198,
            51192
        ],
        "rank_num_ghost_points_recv": [
            3255,
            2351,
            3570,
            508,
            1494,
            382,
            206,
            4115,
            3643,
            360,
            953,
            1820,
            3764,
            3257,
            7392,
            648,
            350,
            629,
            3365,
            2878,
            2313,
            2920,
            4386,
            366,
            4397,
            799,
            314,
            4932,
            1219,
            4772,
            4044,
            1423
        ],
        "rank_num_ghost_points_sent": [
            608,
            1174,
            1577,
            1955,
            3020,
            2988,
            2237,
            1787,
            1761,
            1884,
            2280,
            2233,
            2424,
            3021,
            3024,
            2745,
            2702,
            2980,
            3200,
            3299,
            3296,
            3176,
            3329,
            3727,
            3728,
            3495,
            2730,
            1501,
            1239,
            1626,
            1689,
            390
        ],
        "time": 0.005932205000021895
    },
    "covering_factor": 2.0,
    "dataset": "datasets/izbicki15/small/faces.fvecs",
    "dim": 20,
    "epsilon": 40.0,
    "file_io_time": 0.0041089929999316155,
    "leaf_size": 10,
    "num_points": 10304,
    "num_ranks": 32,
    "num_sites": 64,
    "total_time": 0.10687095299999783
}
