{
    "build_epsilon_graph": {
        "density": 3.0623059272766113,
        "dist_comps": 6009218,
        "num_edges": 31554,
        "rank_dist_comps": [
            841697,
            3040044,
            99007,
            84691,
            58004,
            28054,
            96877,
            99871,
            360334,
            5310,
            56973,
            275498,
            40509,
            63309,
            847450,
            11590
        ],
        "rank_num_edges": [
            19600,
            5350,
            443,
            498,
            355,
            258,
            403,
            288,
            748,
            87,
            410,
            754,
            263,
            189,
            1753,
            155
        ],
        "sparsity": 0.00029719583108089864,
        "time": 0.03444675600002256
    },
    "build_ghost_trees": {
        "dist_comps": 2626662,
        "rank_dist_comps": [
            276491,
            492472,
            143078,
            61110,
            32779,
            51538,
            61042,
            123637,
            423819,
            3910,
            19553,
            284259,
            62827,
            188974,
            392723,
            8450
        ],
        "time": 0.0062710600000173145
    },
    "build_greedy_net": {
        "dist_comps": 659456,
        "net_sep": 212.1273193359375,
        "rank_dist_comps": [
            41216,
            41216,
            41216,
            41216,
            41216,
            41216,
            41216,
            41216,
            41216,
            41216,
            41216,
            41216,
            41216,
            41216,
            41216,
            41216
        ],
        "time": 0.0008429330000012669
    },
    "build_replication_tree": {
        "dist_comps": 603,
        "time": 0.00015088200001400764,
        "verts": 96
    },
    "compute_cell_assignments": {
        "time": 8.16979999740397e-05
    },
    "compute_ghost_points": {
        "dist_comps": 1638083,
        "num_ghost_points": 23773,
        "rank_dist_comps": [
            102296,
            102378,
            102395,
            102396,
            102396,
            102396,
            102394,
            102377,
            102390,
            102396,
            102396,
            102396,
            102396,
            102395,
            102390,
            102296
        ],
        "rank_num_ghost_points_recv": [
            1628,
            1215,
            1702,
            906,
            620,
            654,
            977,
            1337,
            3541,
            175,
            364,
            2910,
            1251,
            2442,
            3733,
            318
        ],
        "rank_num_ghost_points_sent": [
            452,
            1029,
            2350,
            1123,
            996,
            1226,
            1560,
            1771,
            1825,
            2179,
            2001,
            2154,
            2519,
            1316,
            732,
            540
        ],
        "time": 0.004495439000038459
    },
    "covering_factor": 2.0,
    "dataset": "datasets/izbicki15/small/faces.fvecs",
    "dim": 20,
    "epsilon": 20.0,
    "file_io_time": 0.0029574190000403178,
    "leaf_size": 10,
    "num_points": 10304,
    "num_ranks": 16,
    "num_sites": 64,
    "total_time": 0.04628876800006765
}
