{
    "build_epsilon_graph": {
        "density": 60.29153823852539,
        "dist_comps": 22440832,
        "num_edges": 621244,
        "rank_dist_comps": [
            22440832
        ],
        "rank_num_edges": [
            621244
        ],
        "sparsity": 0.005851275287568569,
        "time": 0.3154245700000047
    },
    "build_ghost_trees": {
        "dist_comps": 32586285,
        "rank_dist_comps": [
            32586285
        ],
        "time": 0.4384582079999291
    },
    "build_greedy_net": {
        "dist_comps": 1318912,
        "net_sep": 179.68026733398438,
        "rank_dist_comps": [
            1318912
        ],
        "time": 0.011530164000078003
    },
    "build_replication_tree": {
        "dist_comps": 995,
        "time": 7.357200001933961e-05,
        "verts": 160
    },
    "compute_cell_assignments": {
        "time": 3.2959999316517496e-06
    },
    "compute_ghost_points": {
        "dist_comps": 2957248,
        "num_ghost_points": 309227,
        "rank_dist_comps": [
            2957248
        ],
        "rank_num_ghost_points_recv": [
            309227
        ],
        "rank_num_ghost_points_sent": [
            309227
        ],
        "time": 0.10440783100000317
    },
    "covering_factor": 2.0,
    "dataset": "datasets/izbicki15/small/faces.fvecs",
    "dim": 20,
    "epsilon": 60.0,
    "file_io_time": 0.0020402439999998023,
    "leaf_size": 10,
    "num_points": 10304,
    "num_ranks": 1,
    "num_sites": 128,
    "total_time": 0.8698976409999659
}
