{
    "build_epsilon_graph": {
        "density": 60.29153823852539,
        "dist_comps": 24615171,
        "num_edges": 621244,
        "rank_dist_comps": [
            1232172,
            12570077,
            18083,
            140036,
            349640,
            1921,
            4657,
            2372,
            38058,
            16021,
            10992,
            146335,
            12273,
            34267,
            5600902,
            11119,
            44591,
            11597,
            453966,
            3446,
            797859,
            12652,
            1406146,
            6431,
            1836,
            33241,
            10175,
            6658,
            496625,
            7615,
            673837,
            459571
        ],
        "rank_num_edges": [
            144539,
            363594,
            198,
            1889,
            2094,
            46,
            63,
            26,
            766,
            103,
            74,
            233,
            252,
            907,
            67883,
            245,
            1494,
            80,
            977,
            34,
            4069,
            336,
            17940,
            26,
            28,
            145,
            116,
            375,
            5870,
            212,
            2425,
            4205
        ],
        "sparsity": 0.005851275287568569,
        "time": 0.20063858100002108
    },
    "build_ghost_trees": {
        "dist_comps": 7344539,
        "rank_dist_comps": [
            144106,
            622942,
            119504,
            90127,
            263333,
            5174,
            25534,
            68785,
            85128,
            107549,
            164641,
            382988,
            33634,
            71048,
            741288,
            26723,
            61492,
            152222,
            703076,
            71097,
            631710,
            62687,
            810174,
            87753,
            37656,
            219404,
            55195,
            29292,
            363754,
            45909,
            630141,
            430473
        ],
        "time": 0.011311939000052007
    },
    "build_greedy_net": {
        "dist_comps": 329728,
        "net_sep": 245.1183319091797,
        "rank_dist_comps": [
            10304,
            10304,
            10304,
            10304,
            10304,
            10304,
            10304,
            10304,
            10304,
            10304,
            10304,
            10304,
            10304,
            10304,
            10304,
            10304,
            10304,
            10304,
            10304,
            10304,
            10304,
            10304,
            10304,
            10304,
            10304,
            10304,
            10304,
            10304,
            10304,
            10304,
            10304,
            10304
        ],
        "time": 0.000799868999820319
    },
    "build_replication_tree": {
        "dist_comps": 465,
        "time": 0.00024132700013979047,
        "verts": 64
    },
    "compute_cell_assignments": {
        "time": 0.00013921000004302186
    },
    "compute_ghost_points": {
        "dist_comps": 978880,
        "num_ghost_points": 76526,
        "rank_dist_comps": [
            30590,
            30590,
            30590,
            30590,
            30590,
            30590,
            30590,
            30590,
            30590,
            30590,
            30590,
            30590,
            30590,
            30590,
            30590,
            30590,
            30590,
            30590,
            30590,
            30590,
            30590,
            30590,
            30590,
            30590,
            30590,
            30590,
            30590,
            30590,
            30590,
            30590,
            30590,
            30590
        ],
        "rank_num_ghost_points_recv": [
            670,
            2986,
            1611,
            1379,
            3149,
            188,
            735,
            1549,
            1728,
            2163,
            2347,
            4235,
            866,
            1602,
            4560,
            564,
            1211,
            2466,
            5572,
            1209,
            5434,
            1328,
            5221,
            1559,
            881,
            3207,
            1305,
            740,
            4072,
            1094,
            6223,
            4672
        ],
        "rank_num_ghost_points_sent": [
            1234,
            1445,
            1640,
            2351,
            3034,
            3010,
            2496,
            2239,
            1821,
            2036,
            2201,
            2152,
            2213,
            2709,
            2641,
            2479,
            2514,
            2700,
            2905,
            2953,
            2955,
            2925,
            2936,
            2900,
            3050,
            2882,
            2882,
            2266,
            1997,
            2147,
            1923,
            890
        ],
        "time": 0.005195061999984318
    },
    "covering_factor": 2.0,
    "dataset": "datasets/izbicki15/small/faces.fvecs",
    "dim": 20,
    "epsilon": 60.0,
    "file_io_time": 0.00418814099998599,
    "leaf_size": 10,
    "num_points": 10304,
    "num_ranks": 32,
    "num_sites": 32,
    "total_time": 0.21832598800006053
}
