{
    "build_epsilon_graph": {
        "density": 60.29153823852539,
        "dist_comps": 24615171,
        "num_edges": 621244,
        "rank_dist_comps": [
            1232172,
            12570077,
            18083,
            140036,
            349640,
            1921,
            4657,
            2372,
            38058,
            16021,
            10992,
            146335,
            12273,
            34267,
            5600902,
            11119,
            44591,
            11597,
            453966,
            3446,
            797859,
            12652,
            1406146,
            6431,
            1836,
            33241,
            10175,
            6658,
            496625,
            7615,
            673837,
            459571,
            0,
            0,
            0,
            0,
            0,
            0,
            0,
            0,
            0,
            0,
            0,
            0,
            0,
            0,
            0,
            0,
            0,
            0,
            0,
            0,
            0,
            0,
            0,
            0,
            0,
            0,
            0,
            0,
            0,
            0,
            0,
            0
        ],
        "rank_num_edges": [
            144539,
            363594,
            198,
            1889,
            2094,
            46,
            63,
            26,
            766,
            103,
            74,
            233,
            252,
            907,
            67883,
            245,
            1494,
            80,
            977,
            34,
            4069,
            336,
            17940,
            26,
            28,
            145,
            116,
            375,
            5870,
            212,
            2425,
            4205,
            0,
            0,
            0,
            0,
            0,
            0,
            0,
            0,
            0,
            0,
            0,
            0,
            0,
            0,
            0,
            0,
            0,
            0,
            0,
            0,
            0,
            0,
            0,
            0,
            0,
            0,
            0,
            0,
            0,
            0,
            0,
            0
        ],
        "sparsity": 0.005851275287568569,
        "time": 0.200064108000106
    },
    "build_ghost_trees": {
        "dist_comps": 7344539,
        "rank_dist_comps": [
            144106,
            622942,
            119504,
            90127,
            263333,
            5174,
            25534,
            68785,
            85128,
            107549,
            164641,
            382988,
            33634,
            71048,
            741288,
            26723,
            61492,
            152222,
            703076,
            71097,
            631710,
            62687,
            810174,
            87753,
            37656,
            219404,
            55195,
            29292,
            363754,
            45909,
            630141,
            430473,
            0,
            0,
            0,
            0,
            0,
            0,
            0,
            0,
            0,
            0,
            0,
            0,
            0,
            0,
            0,
            0,
            0,
            0,
            0,
            0,
            0,
            0,
            0,
            0,
            0,
            0,
            0,
            0,
            0,
            0,
            0,
            0
        ],
        "time": 0.011325154000132898
    },
    "build_greedy_net": {
        "dist_comps": 329728,
        "net_sep": 245.1183319091797,
        "rank_dist_comps": [
            5152,
            5152,
            5152,
            5152,
            5152,
            5152,
            5152,
            5152,
            5152,
            5152,
            5152,
            5152,
            5152,
            5152,
            5152,
            5152,
            5152,
            5152,
            5152,
            5152,
            5152,
            5152,
            5152,
            5152,
            5152,
            5152,
            5152,
            5152,
            5152,
            5152,
            5152,
            5152,
            5152,
            5152,
            5152,
            5152,
            5152,
            5152,
            5152,
            5152,
            5152,
            5152,
            5152,
            5152,
            5152,
            5152,
            5152,
            5152,
            5152,
            5152,
            5152,
            5152,
            5152,
            5152,
            5152,
            5152,
            5152,
            5152,
            5152,
            5152,
            5152,
            5152,
            5152,
            5152
        ],
        "time": 0.0013506760001291696
    },
    "build_replication_tree": {
        "dist_comps": 465,
        "time": 0.0005793819998416438,
        "verts": 64
    },
    "compute_cell_assignments": {
        "time": 0.00036553800009642146
    },
    "compute_ghost_points": {
        "dist_comps": 978880,
        "num_ghost_points": 76526,
        "rank_dist_comps": [
            15295,
            15295,
            15295,
            15295,
            15295,
            15295,
            15295,
            15295,
            15295,
            15295,
            15295,
            15295,
            15295,
            15295,
            15295,
            15295,
            15295,
            15295,
            15295,
            15295,
            15295,
            15295,
            15295,
            15295,
            15295,
            15295,
            15295,
            15295,
            15295,
            15295,
            15295,
            15295,
            15295,
            15295,
            15295,
            15295,
            15295,
            15295,
            15295,
            15295,
            15295,
            15295,
            15295,
            15295,
            15295,
            15295,
            15295,
            15295,
            15295,
            15295,
            15295,
            15295,
            15295,
            15295,
            15295,
            15295,
            15295,
            15295,
            15295,
            15295,
            15295,
            15295,
            15295,
            15295
        ],
        "rank_num_ghost_points_recv": [
            670,
            2986,
            1611,
            1379,
            3149,
            188,
            735,
            1549,
            1728,
            2163,
            2347,
            4235,
            866,
            1602,
            4560,
            564,
            1211,
            2466,
            5572,
            1209,
            5434,
            1328,
            5221,
            1559,
            881,
            3207,
            1305,
            740,
            4072,
            1094,
            6223,
            4672,
            0,
            0,
            0,
            0,
            0,
            0,
            0,
            0,
            0,
            0,
            0,
            0,
            0,
            0,
            0,
            0,
            0,
            0,
            0,
            0,
            0,
            0,
            0,
            0,
            0,
            0,
            0,
            0,
            0,
            0,
            0,
            0
        ],