{
    "build_epsilon_graph": {
        "density": 14.869759559631348,
        "dist_comps": 15214907,
        "num_edges": 153218,
        "rank_dist_comps": [
            771909,
            7887818,
            10001,
            58706,
            137770,
            1549,
            2110,
            1700,
            18912,
            5210,
            4201,
            57020,
            6176,
            17610,
            3900574,
            8045,
            25288,
            4240,
            192641,
            1641,
            447379,
            5303,
            761300,
            2138,
            1086,
            13352,
            3660,
            4373,
            269772,
            4564,
            388540,
            200319,
            0,
            0,
            0,
            0,
            0,
            0,
            0,
            0,
            0,
            0,
            0,
            0,
            0,
            0,
            0,
            0,
            0,
            0,
            0,
            0,
            0,
            0,
            0,
            0,
            0,
            0,
            0,
            0,
            0,
            0,
            0,
            0
        ],
        "rank_num_edges": [
            62253,
            59961,
            98,
            623,
            755,
            31,
            32,
            19,
            250,
            55,
            38,
            93,
            104,
            352,
            16481,
            124,
            796,
            48,
            350,
            24,
            1197,
            120,
            5175,
            20,
            19,
            68,
            70,
            162,
            1883,
            79,
            734,
            1204,
            0,
            0,
            0,
            0,
            0,
            0,
            0,
            0,
            0,
            0,
            0,
            0,
            0,
            0,
            0,
            0,
            0,
            0,
            0,
            0,
            0,
            0,
            0,
            0,
            0,
            0,
            0,
            0,
            0,
            0,
            0,
            0
        ],
        "sparsity": 0.0014431055169552565,
        "time": 0.10701620300005743
    },
    "build_ghost_trees": {
        "dist_comps": 3532789,
        "rank_dist_comps": [
            123741,
            732655,
            11446,
            27625,
            119870,
            1624,
            7221,
            16377,
            25998,
            9403,
            32616,
            122718,
            9018,
            27479,
            429903,
            5747,
            25525,
            30317,
            383769,
            9450,
            308260,
            19270,
            267250,
            11735,
            6480,
            46375,
            12986,
            10484,
            118235,
            18421,
            394675,
            166116,
            0,
            0,
            0,
            0,
            0,
            0,
            0,
            0,
            0,
            0,
            0,
            0,
            0,
            0,
            0,
            0,
            0,
            0,
            0,
            0,
            0,
            0,
            0,
            0,
            0,
            0,
            0,
            0,
            0,
            0,
            0,
            0
        ],
        "time": 0.010287326000025132
    },
    "build_greedy_net": {
        "dist_comps": 329728,
        "net_sep": 245.1183319091797,
        "rank_dist_comps": [
            5152,
            5152,
            5152,
            5152,
            5152,
            5152,
            5152,
            5152,
            5152,
            5152,
            5152,
            5152,
            5152,
            5152,
            5152,
            5152,
            5152,
            5152,
            5152,
            5152,
            5152,
            5152,
            5152,
            5152,
            5152,
            5152,
            5152,
            5152,
            5152,
            5152,
            5152,
            5152,
            5152,
            5152,
            5152,
            5152,
            5152,
            5152,
            5152,
            5152,
            5152,
            5152,
            5152,
            5152,
            5152,
            5152,
            5152,
            5152,
            5152,
            5152,
            5152,
            5152,
            5152,
            5152,
            5152,
            5152,
            5152,
            5152,
            5152,
            5152,
            5152,
            5152,
            5152,
            5152
        ],
        "time": 0.001333574000000226
    },
    "build_replication_tree": {
        "dist_comps": 465,
        "time": 0.0006246909999845229,
        "verts": 64
    },
    "compute_cell_assignments": {
        "time": 0.00039388400000461843
    },
    "compute_ghost_points": {
        "dist_comps": 978869,
        "num_ghost_points": 35628,
        "rank_dist_comps": [
            15291,
            15295,
            15295,
            15295,
            15295,
            15295,
            15295,
            15295,
            15295,
            15295,
            15295,
            15295,
            15295,
            15295,
            15295,
            15295,
            15295,
            15295,
            15295,
            15295,
            15295,
            15295,
            15295,
            15295,
            15295,
            15295,
            15295,
            15295,
            15294,
            15295,
            15295,
            15295,
            15295,
            15295,
            15295,
            15295,
            15295,
            15295,
            15295,
            15295,
            15295,
            15295,
            15295,
            15295,
            15295,
            15295,
            15295,
            15295,
            15295,
            15295,
            15295,
            15295,
            15295,
            15295,
            15295,
            15295,
            15295,
            15295,
            15295,
            15295,
            15295,
            15295,
            15295,
            15289
        ],
        "rank_num_ghost_points_recv": [
            417,
            2077,
            266,
            574,
            1577,
            69,
            226,
            446,
            655,
            345,
            589,
            1592,
            321,
            644,
            3172,
            172,
            550,
            665,
            3313,
            248,
            3053,
            516,
            2751,
            343,
            271,
            987,
            358,
            303,
            1939,
            509,
            4264,
            2416,
            0,
            0,
            0,
            0,
            0,
            0,
            0,
            0,
            0,
            0,
            0,
            0,
            0,
            0,
            0,
            0,
            0,
            0,
            0,
            0,
            0,
            0,
            0,
            0,
            0,
            0,
            0,
            0,
            0,
            0,
            0,
            0
        ],