{
    "build_epsilon_graph": {
        "density": 60.29153823852539,
        "dist_comps": 22440832,
        "num_edges": 621244,
        "rank_dist_comps": [
            2771575,
            9739475,
            6689059,
            3240723
        ],
        "rank_num_edges": [
            154381,
            332869,
            98011,
            35983
        ],
        "sparsity": 0.005851275287568569,
        "time": 0.14116620100003274
    },
    "build_ghost_trees": {
        "dist_comps": 32586285,
        "rank_dist_comps": [
            6990828,
            7379446,
            10056748,
            8159263
        ],
        "time": 0.12788000099999408
    },
    "build_greedy_net": {
        "dist_comps": 1318912,
        "net_sep": 179.68026733398438,
        "rank_dist_comps": [
            329728,
            329728,
            329728,
            329728
        ],
        "time": 0.0037650639999355917
    },
    "build_replication_tree": {
        "dist_comps": 995,
        "time": 0.00011533399992913473,
        "verts": 160
    },
    "compute_cell_assignments": {
        "time": 1.567100002830557e-05
    },
    "compute_ghost_points": {
        "dist_comps": 2957248,
        "num_ghost_points": 309227,
        "rank_dist_comps": [
            739312,
            739312,
            739312,
            739312
        ],
        "rank_num_ghost_points_recv": [
            69910,
            65806,
            92825,
            80686
        ],
        "rank_num_ghost_points_sent": [
            58527,
            89593,
            100981,
            60126
        ],
        "time": 0.04267525399995975
    },
    "covering_factor": 2.0,
    "dataset": "datasets/izbicki15/small/faces.fvecs",
    "dim": 20,
    "epsilon": 60.0,
    "file_io_time": 0.0032004610000058165,
    "leaf_size": 10,
    "num_points": 10304,
    "num_ranks": 4,
    "num_sites": 128,
    "total_time": 0.3156175249998796
}
