{
    "build_epsilon_graph": {
        "density": 60.29153823852539,
        "dist_comps": 24027641,
        "num_edges": 621244,
        "rank_dist_comps": [
            24027641
        ],
        "rank_num_edges": [
            621244
        ],
        "sparsity": 0.005851275287568569,
        "time": 0.3278839259999131
    },
    "build_ghost_trees": {
        "dist_comps": 15178579,
        "rank_dist_comps": [
            15178579
        ],
        "time": 0.2027766740000061
    },
    "build_greedy_net": {
        "dist_comps": 659456,
        "net_sep": 212.1273193359375,
        "rank_dist_comps": [
            659456
        ],
        "time": 0.005851569000014933
    },
    "build_replication_tree": {
        "dist_comps": 603,
        "time": 5.062899992935854e-05,
        "verts": 96
    },
    "compute_cell_assignments": {
        "time": 3.8079999740148196e-06
    },
    "compute_ghost_points": {
        "dist_comps": 1638336,
        "num_ghost_points": 150398,
        "rank_dist_comps": [
            1638336
        ],
        "rank_num_ghost_points_recv": [
            150398
        ],
        "rank_num_ghost_points_sent": [
            150398
        ],
        "time": 0.05549427299990839
    },
    "covering_factor": 2.0,
    "dataset": "datasets/izbicki15/small/faces.fvecs",
    "dim": 20,
    "epsilon": 60.0,
    "file_io_time": 0.0020274590000326498,
    "leaf_size": 10,
    "num_points": 10304,
    "num_ranks": 1,
    "num_sites": 64,
    "total_time": 0.5920608789997459
}
