{
    "build_epsilon_graph": {
        "density": 60.29153823852539,
        "dist_comps": 24615171,
        "num_edges": 621244,
        "rank_dist_comps": [
            1316657,
            12630936,
            493216,
            296475,
            1656397,
            56455,
            7685542,
            479493
        ],
        "rank_num_edges": [
            146827,
            363922,
            1365,
            2531,
            12285,
            1501,
            88311,
            4502
        ],
        "sparsity": 0.005851275287568569,
        "time": 0.18090662000008706
    },
    "build_ghost_trees": {
        "dist_comps": 7344539,
        "rank_dist_comps": [
            328382,
            1102117,
            1042416,
            573504,
            1292431,
            184818,
            2207137,
            613734
        ],
        "time": 0.028106471000000965
    },
    "build_greedy_net": {
        "dist_comps": 329728,
        "net_sep": 245.1183319091797,
        "rank_dist_comps": [
            41216,
            41216,
            41216,
            41216,
            41216,
            41216,
            41216,
            41216
        ],
        "time": 0.0007777860000715009
    },
    "build_replication_tree": {
        "dist_comps": 465,
        "time": 8.499399996253487e-05,
        "verts": 64
    },
    "compute_cell_assignments": {
        "time": 4.708100004791049e-05
    },
    "compute_ghost_points": {
        "dist_comps": 978880,
        "num_ghost_points": 76526,
        "rank_dist_comps": [
            122360,
            122360,
            122360,
            122360,
            122360,
            122360,
            122360,
            122360
        ],
        "rank_num_ghost_points_recv": [
            4490,
            10822,
            10835,
            7563,
            13521,
            4212,
            16739,
            8344
        ],
        "rank_num_ghost_points_sent": [
            6670,
            10779,
            8210,
            10042,
            11072,
            11716,
            11080,
            6957
        ],
        "time": 0.009914397000102326
    },
    "covering_factor": 2.0,
    "dataset": "datasets/izbicki15/small/faces.fvecs",
    "dim": 20,
    "epsilon": 60.0,
    "file_io_time": 0.002817888999970819,
    "leaf_size": 10,
    "num_points": 10304,
    "num_ranks": 8,
    "num_sites": 32,
    "total_time": 0.2198373490002723
}
