{
    "build_epsilon_graph": {
        "density": 3.0623059272766113,
        "dist_comps": 7104185,
        "num_edges": 31554,
        "rank_dist_comps": [
            2947286,
            4156899
        ],
        "rank_num_edges": [
            24347,
            7207
        ],
        "sparsity": 0.00029719583108089864,
        "time": 0.04700840099999937
    },
    "build_ghost_trees": {
        "dist_comps": 1882858,
        "rank_dist_comps": [
            1046804,
            836054
        ],
        "time": 0.014574468000006391
    },
    "build_greedy_net": {
        "dist_comps": 329728,
        "net_sep": 245.1183319091797,
        "rank_dist_comps": [
            164864,
            164864
        ],
        "time": 0.001845035999991751
    },
    "build_replication_tree": {
        "dist_comps": 465,
        "time": 5.200999999033229e-05,
        "verts": 64
    },
    "compute_cell_assignments": {
        "time": 1.499900000112575e-05
    },
    "compute_ghost_points": {
        "dist_comps": 978633,
        "num_ghost_points": 11001,
        "rank_dist_comps": [
            489305,
            489328
        ],
        "rank_num_ghost_points_recv": [
            7902,
            3099
        ],
        "rank_num_ghost_points_sent": [
            5131,
            5870
        ],
        "time": 0.01636660200000506
    },
    "covering_factor": 2.0,
    "dataset": "datasets/izbicki15/small/faces.fvecs",
    "dim": 20,
    "epsilon": 20.0,
    "file_io_time": 0.0027525749999881555,
    "leaf_size": 10,
    "num_points": 10304,
    "num_ranks": 2,
    "num_sites": 32,
    "total_time": 0.07986151599999403
}
