{
    "build_epsilon_graph": {
        "density": 3.0623059272766113,
        "dist_comps": 7104185,
        "num_edges": 31554,
        "rank_dist_comps": [
            833253,
            4039624,
            2114033,
            117275
        ],
        "rank_num_edges": [
            20384,
            6413,
            3963,
            794
        ],
        "sparsity": 0.00029719583108089864,
        "time": 0.04588456299995869
    },
    "build_ghost_trees": {
        "dist_comps": 1882858,
        "rank_dist_comps": [
            288966,
            777092,
            757838,
            58962
        ],
        "time": 0.009994317000007413
    },
    "build_greedy_net": {
        "dist_comps": 329728,
        "net_sep": 245.1183319091797,
        "rank_dist_comps": [
            82432,
            82432,
            82432,
            82432
        ],
        "time": 0.0011173550000194155
    },
    "build_replication_tree": {
        "dist_comps": 465,
        "time": 7.788100003836007e-05,
        "verts": 64
    },
    "compute_cell_assignments": {
        "time": 3.45369999763534e-05
    },
    "compute_ghost_points": {
        "dist_comps": 978633,
        "num_ghost_points": 11001,
        "rank_dist_comps": [
            244603,
            244702,
            244714,
            244614
        ],
        "rank_num_ghost_points_recv": [
            2803,
            1745,
            5099,
            1354
        ],
        "rank_num_ghost_points_sent": [
            2526,
            2605,
            3332,
            2538
        ],
        "time": 0.009291964999988522
    },
    "covering_factor": 2.0,
    "dataset": "datasets/izbicki15/small/faces.fvecs",
    "dim": 20,
    "epsilon": 20.0,
    "file_io_time": 0.0031712449999758974,
    "leaf_size": 10,
    "num_points": 10304,
    "num_ranks": 4,
    "num_sites": 32,
    "total_time": 0.06640061799998875
}
