{
    "build_epsilon_graph": {
        "density": 60.29153823852539,
        "dist_comps": 24027641,
        "num_edges": 621244,
        "rank_dist_comps": [
            3062774,
            10633802,
            587871,
            547314,
            361560,
            163420,
            648803,
            573293,
            1705483,
            25415,
            232460,
            1396630,
            325980,
            345388,
            3313190,
            104258
        ],
        "rank_num_edges": [
            165852,
            341125,
            4454,
            3854,
            2147,
            1940,
            8588,
            3333,
            15542,
            187,
            5659,
            12942,
            1772,
            1066,
            51909,
            874
        ],
        "sparsity": 0.005851275287568569,
        "time": 0.1565758110000388
    },
    "build_ghost_trees": {
        "dist_comps": 15178579,
        "rank_dist_comps": [
            778413,
            950431,
            1586116,
            545069,
            715852,
            608000,
            949249,
            784520,
            1237579,
            246365,
            273345,
            1403038,
            1035835,
            1331895,
            2097476,
            635396
        ],
        "time": 0.030029570999886346
    },
    "build_greedy_net": {
        "dist_comps": 659456,
        "net_sep": 212.1273193359375,
        "rank_dist_comps": [
            41216,
            41216,
            41216,
            41216,
            41216,
            41216,
            41216,
            41216,
            41216,
            41216,
            41216,
            41216,
            41216,
            41216,
            41216,
            41216
        ],
        "time": 0.0009527750000870583
    },
    "build_replication_tree": {
        "dist_comps": 603,
        "time": 0.00012798800003110955,
        "verts": 96
    },
    "compute_cell_assignments": {
        "time": 8.588700006839645e-05
    },
    "compute_ghost_points": {
        "dist_comps": 1638336,
        "num_ghost_points": 150398,
        "rank_dist_comps": [
            102396,
            102396,
            102396,
            102396,
            102396,
            102396,
            102396,
            102396,
            102396,
            102396,
            102396,
            102396,
            102396,
            102396,
            102396,
            102396
        ],
        "rank_num_ghost_points_recv": [
            6038,
            5925,
            13443,
            6836,
            8676,
            6643,
            10564,
            8175,
            12293,
            4600,
            4561,
            13254,
            10014,
            13211,
            18987,
            7178
        ],
        "rank_num_ghost_points_sent": [
            4519,
            7924,
            11048,
            8422,
            8358,
            9331,
            10354,
            11000,
            10863,
            12005,
            11697,
            12272,
            12384,
            8655,
            6700,
            4866
        ],
        "time": 0.010028191999936098
    },
    "covering_factor": 2.0,
    "dataset": "datasets/izbicki15/small/faces.fvecs",
    "dim": 20,
    "epsilon": 60.0,
    "file_io_time": 0.0033032080000339192,
    "leaf_size": 10,
    "num_points": 10304,
    "num_ranks": 16,
    "num_sites": 64,
    "total_time": 0.19780022400004782
}
