{
    "build_epsilon_graph": {
        "density": 188.45457458496094,
        "dist_comps": 34383841,
        "num_edges": 1941836,
        "rank_dist_comps": [
            34383841
        ],
        "rank_num_edges": [
            1941836
        ],
        "sparsity": 0.018289458006620407,
        "time": 0.5738194099999419
    },
    "build_ghost_trees": {
        "dist_comps": 25671332,
        "rank_dist_comps": [
            25671332
        ],
        "time": 0.34590661900006126
    },
    "build_greedy_net": {
        "dist_comps": 659456,
        "net_sep": 212.1273193359375,
        "rank_dist_comps": [
            659456
        ],
        "time": 0.005951208999931623
    },
    "build_replication_tree": {
        "dist_comps": 603,
        "time": 5.173999988983269e-05,
        "verts": 96
    },
    "compute_cell_assignments": {
        "time": 3.6070000533072744e-06
    },
    "compute_ghost_points": {
        "dist_comps": 1638336,
        "num_ghost_points": 243403,
        "rank_dist_comps": [
            1638336
        ],
        "rank_num_ghost_points_recv": [
            243403
        ],
        "rank_num_ghost_points_sent": [
            243403
        ],
        "time": 0.06608177899988732
    },
    "covering_factor": 2.0,
    "dataset": "datasets/izbicki15/small/faces.fvecs",
    "dim": 20,
    "epsilon": 80.0,
    "file_io_time": 0.0021482420002030267,
    "leaf_size": 10,
    "num_points": 10304,
    "num_ranks": 1,
    "num_sites": 64,
    "total_time": 0.9918143639997652
}
