{
    "build_epsilon_graph": {
        "density": 188.45457458496094,
        "dist_comps": 34894400,
        "num_edges": 1941836,
        "rank_dist_comps": [
            1845354,
            17840296,
            769637,
            281669,
            1787590,
            24777,
            1928394,
            28508,
            86240,
            98396,
            47831,
            232812,
            765257,
            84254,
            8413477,
            659908
        ],
        "rank_num_edges": [
            256452,
            1342908,
            3512,
            4543,
            15149,
            726,
            43727,
            83,
            1859,
            434,
            298,
            1162,
            13489,
            2316,
            245322,
            9856
        ],
        "sparsity": 0.018289458006620407,
        "time": 0.3300379909999265
    },
    "build_ghost_trees": {
        "dist_comps": 13260864,
        "rank_dist_comps": [
            284013,
            1402798,
            1196499,
            660553,
            1515434,
            178740,
            847779,
            646846,
            331960,
            1004177,
            726993,
            1005438,
            648868,
            280121,
            1805079,
            725566
        ],
        "time": 0.025306975000148668
    },
    "build_greedy_net": {
        "dist_comps": 329728,
        "net_sep": 245.1183319091797,
        "rank_dist_comps": [
            20608,
            20608,
            20608,
            20608,
            20608,
            20608,
            20608,
            20608,
            20608,
            20608,
            20608,
            20608,
            20608,
            20608,
            20608,
            20608
        ],
        "time": 0.0006418740001663537
    },
    "build_replication_tree": {
        "dist_comps": 465,
        "time": 0.00015981000001374923,
        "verts": 64
    },
    "compute_cell_assignments": {
        "time": 9.649699995861738e-05
    },
    "compute_ghost_points": {
        "dist_comps": 978880,
        "num_ghost_points": 127055,
        "rank_dist_comps": [
            61180,
            61180,
            61180,
            61180,
            61180,
            61180,
            61180,
            61180,
            61180,
            61180,
            61180,
            61180,
            61180,
            61180,
            61180,
            61180
        ],
        "rank_num_ghost_points_recv": [
            3165,
            8668,
            11334,
            6834,
            11884,
            3529,
            8622,
            8144,
            5582,
            10035,
            8232,
            7553,
            7663,
            4849,
            13172,
            7789
        ],
        "rank_num_ghost_points_sent": [
            5022,
            6988,
            9540,
            7803,
            6518,
            7130,
            7889,
            8072,
            8609,
            9559,
            9393,
            9225,
            9418,
            9203,
            7504,
            5182
        ],
        "time": 0.0077544820001094195
    },
    "covering_factor": 2.0,
    "dataset": "datasets/izbicki15/small/faces.fvecs",
    "dim": 20,
    "epsilon": 80.0,
    "file_io_time": 0.003161804999990636,
    "leaf_size": 10,
    "num_points": 10304,
    "num_ranks": 16,
    "num_sites": 32,
    "total_time": 0.3639976290003233
}
