{
    "build_epsilon_graph": {
        "density": 3.0623059272766113,
        "dist_comps": 6009218,
        "num_edges": 31554,
        "rank_dist_comps": [
            390432,
            3036920,
            738,
            18058,
            12722,
            273,
            432,
            78,
            2247,
            1200,
            840,
            2429,
            960,
            2140,
            650146,
            2767,
            5703,
            722,
            31656,
            126,
            42680,
            1063,
            88819,
            375,
            315,
            2343,
            374,
            170,
            8956,
            162,
            14976,
            7740,
            443494,
            32,
            34454,
            2565,
            2422,
            10888,
            319,
            93395,
            133068,
            150,
            52669,
            63524,
            29821,
            15101,
            180917,
            343,
            2068,
            2370,
            32159,
            63942,
            180,
            15830,
            7307,
            6023,
            224704,
            1617,
            3090,
            209375,
            772,
            45906,
            1411,
            740
        ],
        "rank_num_edges": [
            18552,
            5286,
            18,
            172,
            100,
            13,
            16,
            6,
            39,
            25,
            20,
            30,
            24,
            40,
            1290,
            48,
            74,
            19,
            117,
            7,
            210,
            27,
            325,
            15,
            15,
            33,
            15,
            8,
            108,
            5,
            43,
            80,
            899,
            2,
            93,
            46,
            36,
            163,
            11,
            192,
            296,
            6,
            332,
            385,
            115,
            50,
            399,
            7,
            75,
            43,
            215,
            273,
            9,
            55,
            51,
            75,
            398,
            23,
            43,
            331,
            16,
            94,
            21,
            20
        ],
        "sparsity": 0.00029719583108089864,
        "time": 0.038503975999958584
    },
    "build_ghost_trees": {
        "dist_comps": 2626662,
        "rank_dist_comps": [
            73135,
            491127,
            468,
            5092,
            8474,
            171,
            250,
            55,
            759,
            414,
            480,
            2385,
            418,
            692,
            186843,
            868,
            3407,
            349,
            34801,
            80,
            22530,
            462,
            47820,
            207,
            95,
            1311,
            312,
            799,
            7298,
            1174,
            69849,
            6527,
            198900,
            56,
            95315,
            1359,
            1703,
            5981,
            189,
            120723,
            122407,
            138,
            16859,
            21645,
            54121,
            58745,
            134259,
            705,
            1049,
            940,
            12494,
            54579,
            72,
            44924,
            12783,
            2652,
            300558,
            2047,
            1902,
            259430,
            990,
            128363,
            1772,
            350
        ],
        "time": 0.007515289999957986
    },
    "build_greedy_net": {
        "dist_comps": 659456,
        "net_sep": 212.1273193359375,
        "rank_dist_comps": [
            10304,
            10304,
            10304,
            10304,
            10304,
            10304,
            10304,
            10304,
            10304,
            10304,
            10304,
            10304,
            10304,
            10304,
            10304,
            10304,
            10304,
            10304,
            10304,
            10304,
            10304,
            10304,
            10304,
            10304,
            10304,
            10304,
            10304,
            10304,
            10304,
            10304,
            10304,
            10304,
            10304,
            10304,
            10304,
            10304,
            10304,
            10304,
            10304,
            10304,
            10304,
            10304,
            10304,
            10304,
            10304,
            10304,
            10304,
            10304,
            10304,
            10304,
            10304,
            10304,
            10304,
            10304,
            10304,
            10304,
            10304,
            10304,
            10304,
            10304,
            10304,
            10304,
            10304,
            10304
        ],
        "time": 0.00147143099997038
    },
    "build_replication_tree": {
        "dist_comps": 603,
        "time": 0.0005256880000388264,
        "verts": 96
    },
    "compute_cell_assignments": {
        "time": 0.0004239820000293548
    },
    "compute_ghost_points": {
        "dist_comps": 1638083,
        "num_ghost_points": 23773,
        "rank_dist_comps": [
            25541,
            25574,
            25587,
            25594,
            25587,
            25596,
            25597,
            25598,
            25599,
            25598,
            25599,
            25599,
            25599,
            25599,
            25599,
            25599,
            25599,
            25599,
            25599,
            25599,
            25599,
            25599,
            25599,
            25599,
            25599,
            25599,
            25599,
            25597,
            25588,
            25596,
            25596,
            25597,
            25597,
            25598,
            25598,
            25597,
            25599,
            25599,
            25599,
            25599,
            25599,
            25599,
            25599,
            25599,
            25599,
            25599,
            25599,
            25599,
            25599,
            25599,
            25599,
            25599,
            25599,
            25599,
            25598,
            25599,
            25599,
            25598,
            25598,
            25595,
            25594,
            25575,
            25572,
            25555
        ],
        "rank_num_ghost_points_recv": [
            146,
            1139,
            21,
            85,
            166,
            6,
            9,
            5,
            35,
            21,
            20,
            82,
            14,
            19,
            1616,
            26,
            92,
            29,
            496,
            9,
            360,
            14,
            655,
            8,
            4,
            36,
            20,
            61,
            222,
            98,
            753,
            237,
            1345,
            12,
            888,
            48,
            85,
            121,
            16,
            1244,
            1501,
            17,
            269,
            308,
            961,
            579,
            1269,
            40,
            45,
            35,
            297,
            764,
            9,
            513,
            297,
            80,
            2001,
            101,
            55,
            2459,
            54,
            1746,
            95,
            15
        ],