{
    "build_epsilon_graph": {
        "density": 14.869759559631348,
        "dist_comps": 13734856,
        "num_edges": 153218,
        "rank_dist_comps": [
            1805448,
            6330101,
            294177,
            264176,
            152206,
            73571,
            295821,
            294461,
            926945,
            9202,
            106710,
            803821,
            171400,
            173592,
            1987545,
            45680
        ],
        "rank_num_edges": [
            66471,
            55177,
            1209,
            1461,
            789,
            840,
            2311,
            856,
            3800,
            115,
            1845,
            3972,
            754,
            367,
            12951,
            300
        ],
        "sparsity": 0.0014431055169552565,
        "time": 0.08023722999996608
    },
    "build_ghost_trees": {
        "dist_comps": 8069996,
        "rank_dist_comps": [
            433981,
            827103,
            656984,
            273471,
            269588,
            305761,
            350863,
            464818,
            954946,
            36805,
            53293,
            688763,
            382636,
            1029274,
            1238819,
            102891
        ],
        "time": 0.017761469999982182
    },
    "build_greedy_net": {
        "dist_comps": 659456,
        "net_sep": 212.1273193359375,
        "rank_dist_comps": [
            41216,
            41216,
            41216,
            41216,
            41216,
            41216,
            41216,
            41216,
            41216,
            41216,
            41216,
            41216,
            41216,
            41216,
            41216,
            41216
        ],
        "time": 0.0008994730000040363
    },
    "build_replication_tree": {
        "dist_comps": 603,
        "time": 0.00014658400004918803,
        "verts": 96
    },
    "compute_cell_assignments": {
        "time": 8.649699998386495e-05
    },
    "compute_ghost_points": {
        "dist_comps": 1638325,
        "num_ghost_points": 76825,
        "rank_dist_comps": [
            102392,
            102396,
            102396,
            102396,
            102396,
            102396,
            102396,
            102395,
            102396,
            102396,
            102396,
            102396,
            102396,
            102396,
            102396,
            102390
        ],
        "rank_num_ghost_points_recv": [
            3605,
            2980,
            6935,
            3386,
            3807,
            3302,
            4592,
            4481,
            8040,
            1159,
            1267,
            6752,
            4983,
            8029,
            11436,
            2071
        ],
        "rank_num_ghost_points_sent": [
            1782,
            3532,
            6008,
            4024,
            3645,
            4513,
            5445,
            5769,
            5682,
            6499,
            6472,
            7056,
            7223,
            4231,
            2865,
            2079
        ],
        "time": 0.007547988000055739
    },
    "covering_factor": 2.0,
    "dataset": "datasets/izbicki15/small/faces.fvecs",
    "dim": 20,
    "epsilon": 40.0,
    "file_io_time": 0.0033015579999755573,
    "leaf_size": 10,
    "num_points": 10304,
    "num_ranks": 16,
    "num_sites": 64,
    "total_time": 0.10667924200004109
}
