{
    "build_epsilon_graph": {
        "density": 188.45457458496094,
        "dist_comps": 34383841,
        "num_edges": 1941836,
        "rank_dist_comps": [
            4305117,
            14615719,
            344994,
            195750,
            169381,
            44728,
            9395,
            808500,
            1103134,
            18983,
            412360,
            731251,
            324483,
            191014,
            4661042,
            23632,
            46645,
            26886,
            690855,
            591687,
            445234,
            204851,
            858987,
            52004,
            1332778,
            48969,
            23841,
            1248750,
            176317,
            333716,
            177635,
            165203
        ],
        "rank_num_edges": [
            326569,
            1259517,
            1474,
            4086,
            1346,
            2198,
            97,
            10979,
            21819,
            115,
            12519,
            13794,
            733,
            1936,
            164997,
            331,
            1604,
            757,
            10324,
            4927,
            3969,
            1104,
            20628,
            1067,
            40188,
            201,
            271,
            26754,
            2756,
            2539,
            661,
            1576
        ],
        "sparsity": 0.018289458006620407,
        "time": 0.312156042999959
    },
    "build_ghost_trees": {
        "dist_comps": 25671332,
        "rank_dist_comps": [
            917776,
            725720,
            948106,
            319593,
            453733,
            84017,
            188583,
            858722,
            882520,
            362198,
            716625,
            1474970,
            1191080,
            957572,
            1561266,
            573806,
            104692,
            615626,
            984958,
            1021628,
            937301,
            875205,
            1716109,
            350702,
            816207,
            1028542,
            332440,
            929549,
            915589,
            858743,
            1166797,
            800957
        ],
        "time": 0.02410716099984711
    },
    "build_greedy_net": {
        "dist_comps": 659456,
        "net_sep": 212.1273193359375,
        "rank_dist_comps": [
            20608,
            20608,
            20608,
            20608,
            20608,
            20608,
            20608,
            20608,
            20608,
            20608,
            20608,
            20608,
            20608,
            20608,
            20608,
            20608,
            20608,
            20608,
            20608,
            20608,
            20608,
            20608,
            20608,
            20608,
            20608,
            20608,
            20608,
            20608,
            20608,
            20608,
            20608,
            20608
        ],
        "time": 0.0010710849999213679
    },
    "build_replication_tree": {
        "dist_comps": 603,
        "time": 0.0002771069998743769,
        "verts": 96
    },
    "compute_cell_assignments": {
        "time": 0.00018045999991045392
    },
    "compute_ghost_points": {
        "dist_comps": 1638336,
        "num_ghost_points": 243403,
        "rank_dist_comps": [
            51198,
            51198,
            51198,
            51198,
            51198,
            51198,
            51198,
            51198,
            51198,
            51198,
            51198,
            51198,
            51198,
            51198,
            51198,
            51198,
            51198,
            51198,
            51198,
            51198,
            51198,
            51198,
            51198,
            51198,
            51198,
            51198,
            51198,
            51198,
            51198,
            51198,
            51198,
            51198
        ],
        "rank_num_ghost_points_recv": [
            6824,
            4445,
            9916,
            4275,
            6184,
            1696,
            3759,
            9403,
            9108,
            4271,
            7549,
            10993,
            8275,
            9116,
            13228,
            6175,
            2652,
            5775,
            10954,
            9029,
            7255,
            8387,
            12826,
            4958,
            7605,
            8485,
            4581,
            8090,
            8294,
            8297,
            11940,
            9058
        ],
        "rank_num_ghost_points_sent": [
            3576,
            5261,
            6303,
            7555,
            8964,
            8384,
            7115,
            6577,
            6760,
            7096,
            7604,
            7458,
            7526,
            8623,
            8486,
            8296,
            8224,
            8757,
            9147,
            9059,
            8825,
            8782,
            9138,
            9291,
            9627,
            9261,
            8782,
            6705,
            6258,
            6690,
            6549,
            2724
        ],
        "time": 0.009954423999943174
    },
    "covering_factor": 2.0,
    "dataset": "datasets/izbicki15/small/faces.fvecs",
    "dim": 20,
    "epsilon": 80.0,
    "file_io_time": 0.003993015999867566,
    "leaf_size": 10,
    "num_points": 10304,
    "num_ranks": 32,
    "num_sites": 64,
    "total_time": 0.3477462799994555
}
