{
    "build_epsilon_graph": {
        "density": 60.29153823852539,
        "dist_comps": 22440832,
        "num_edges": 621244,
        "rank_dist_comps": [
            1751468,
            6892238,
            35358,
            117903,
            267582,
            236670,
            3210016,
            1304045,
            231911,
            167539,
            453484,
            395440,
            118948,
            85399,
            831230,
            81765,
            44223,
            76670,
            269364,
            121737,
            123877,
            239426,
            783826,
            42672,
            158243,
            13278,
            1074524,
            789532,
            75323,
            2028255,
            31257,
            387629
        ],
        "rank_num_edges": [
            118120,
            280340,
            159,
            2161,
            1759,
            1910,
            56549,
            18985,
            29673,
            1117,
            6902,
            5967,
            172,
            832,
            7121,
            589,
            242,
            714,
            3544,
            516,
            2497,
            1606,
            13006,
            227,
            683,
            223,
            10543,
            5571,
            1235,
            46127,
            187,
            1967
        ],
        "sparsity": 0.005851275287568569,
        "time": 0.11987259600005018
    },
    "build_ghost_trees": {
        "dist_comps": 32586285,
        "rank_dist_comps": [
            1099047,
            868833,
            850931,
            217498,
            926145,
            622299,
            1517615,
            1236995,
            586002,
            816877,
            1246828,
            961951,
            1740732,
            1104283,
            1908570,
            676058,
            651752,
            474046,
            1236077,
            793691,
            472550,
            1557767,
            1472061,
            705797,
            1269575,
            264208,
            844918,
            2387237,
            245025,
            1671133,
            979748,
            1180036
        ],
        "time": 0.033250639000016236
    },
    "build_greedy_net": {
        "dist_comps": 1318912,
        "net_sep": 179.68026733398438,
        "rank_dist_comps": [
            41216,
            41216,
            41216,
            41216,
            41216,
            41216,
            41216,
            41216,
            41216,
            41216,
            41216,
            41216,
            41216,
            41216,
            41216,
            41216,
            41216,
            41216,
            41216,
            41216,
            41216,
            41216,
            41216,
            41216,
            41216,
            41216,
            41216,
            41216,
            41216,
            41216,
            41216,
            41216
        ],
        "time": 0.0014144089998353593
    },
    "build_replication_tree": {
        "dist_comps": 995,
        "time": 0.000291665000077046,
        "verts": 160
    },
    "compute_cell_assignments": {
        "time": 0.00014389799980563112
    },
    "compute_ghost_points": {
        "dist_comps": 2957248,
        "num_ghost_points": 309227,
        "rank_dist_comps": [
            92414,
            92414,
            92414,
            92414,
            92414,
            92414,
            92414,
            92414,
            92414,
            92414,
            92414,
            92414,
            92414,
            92414,
            92414,
            92414,
            92414,
            92414,
            92414,
            92414,
            92414,
            92414,
            92414,
            92414,
            92414,
            92414,
            92414,
            92414,
            92414,
            92414,
            92414,
            92414
        ],
        "rank_num_ghost_points_recv": [
            10615,
            4499,
            6858,
            4149,
            10543,
            6324,
            12325,
            13038,
            6173,
            8268,
            10359,
            9796,
            15424,
            10124,
            17050,
            8161,
            6794,
            6616,
            14431,
            8305,
            5585,
            12251,
            14147,
            7052,
            10637,
            4756,
            7602,
            17812,
            4139,
            12968,
            10053,
            12373
        ],
        "rank_num_ghost_points_sent": [
            2075,
            3917,
            5332,
            8233,
            10593,
            9846,
            9388,
            9143,
            9036,
            9537,
            10948,
            10698,
            11287,
            13061,
            12844,
            12182,
            11976,
            11850,
            12398,
            11845,
            12199,
            13083,
            13587,
            14043,
            13970,
            12922,
            10952,
            7145,
            4756,
            4851,
            3833,
            1697
        ],
        "time": 0.011674139999968247
    },
    "covering_factor": 2.0,
    "dataset": "datasets/izbicki15/small/faces.fvecs",
    "dim": 20,
    "epsilon": 60.0,
    "file_io_time": 0.0044252709999454964,
    "leaf_size": 10,
    "num_points": 10304,
    "num_ranks": 32,
    "num_sites": 128,
    "total_time": 0.1666473469997527
}
