{
    "build_epsilon_graph": {
        "density": 14.869759559631348,
        "dist_comps": 13734856,
        "num_edges": 153218,
        "rank_dist_comps": [
            644769,
            6322755,
            1625,
            47799,
            29236,
            394,
            707,
            260,
            3941,
            1785,
            1866,
            10453,
            1714,
            3432,
            1459968,
            3566,
            8904,
            1664,
            98081,
            487,
            118293,
            2079,
            273198,
            975,
            538,
            4683,
            829,
            515,
            33836,
            572,
            50900,
            38699,
            1146081,
            78,
            119881,
            4594,
            4407,
            15795,
            666,
            282003,
            402975,
            253,
            99238,
            172986,
            133933,
            50245,
            474134,
            1591,
            5694,
            5604,
            74590,
            211296,
            270,
            55303,
            21250,
            11223,
            519491,
            2481,
            4777,
            619867,
            1917,
            119343,
            2543,
            1824
        ],
        "rank_num_edges": [
            60783,
            55008,
            20,
            508,
            226,
            17,
            19,
            6,
            77,
            31,
            22,
            36,
            24,
            78,
            10218,
            92,
            129,
            26,
            207,
            11,
            457,
            70,
            2202,
            15,
            17,
            43,
            31,
            11,
            559,
            22,
            52,
            181,
            5250,
            2,
            178,
            74,
            97,
            681,
            11,
            688,
            1170,
            6,
            1713,
            2396,
            146,
            96,
            2658,
            7,
            309,
            141,
            804,
            868,
            9,
            72,
            79,
            147,
            2536,
            35,
            79,
            1529,
            25,
            171,
            23,
            20
        ],
        "sparsity": 0.0014431055169552565,
        "time": 0.08763388299996677
    },
    "build_ghost_trees": {
        "dist_comps": 8069996,
        "rank_dist_comps": [
            88135,
            806957,
            2867,
            13558,
            42708,
            280,
            2251,
            2106,
            4305,
            2055,
            4654,
            46383,
            2211,
            6671,
            443667,
            2879,
            6730,
            7754,
            202824,
            938,
            206648,
            2316,
            179163,
            1444,
            1163,
            12704,
            1453,
            3925,
            49931,
            4312,
            355235,
            69414,
            335167,
            2713,
            410457,
            4114,
            19520,
            16637,
            2040,
            452260,
            329990,
            8948,
            40843,
            80141,
            323994,
            450696,
            413851,
            29094,
            3949,
            9679,
            40836,
            254861,
            712,
            286528,
            167409,
            9008,
            619488,
            13098,
            6343,
            558314,
            6500,
            567595,
            26066,
            1504
        ],
        "time": 0.011187710999934097
    },
    "build_greedy_net": {
        "dist_comps": 659456,
        "net_sep": 212.1273193359375,
        "rank_dist_comps": [
            10304,
            10304,
            10304,
            10304,
            10304,
            10304,
            10304,
            10304,
            10304,
            10304,
            10304,
            10304,
            10304,
            10304,
            10304,
            10304,
            10304,
            10304,
            10304,
            10304,
            10304,
            10304,
            10304,
            10304,
            10304,
            10304,
            10304,
            10304,
            10304,
            10304,
            10304,
            10304,
            10304,
            10304,
            10304,
            10304,
            10304,
            10304,
            10304,
            10304,
            10304,
            10304,
            10304,
            10304,
            10304,
            10304,
            10304,
            10304,
            10304,
            10304,
            10304,
            10304,
            10304,
            10304,
            10304,
            10304,
            10304,
            10304,
            10304,
            10304,
            10304,
            10304,
            10304,
            10304
        ],
        "time": 0.0014827329999889116
    },
    "build_replication_tree": {
        "dist_comps": 603,
        "time": 0.0005968570000050022,
        "verts": 96
    },
    "compute_cell_assignments": {
        "time": 0.000330981000047359
    },
    "compute_ghost_points": {
        "dist_comps": 1638325,
        "num_ghost_points": 76825,
        "rank_dist_comps": [
            25595,
            25599,
            25599,
            25599,
            25599,
            25599,
            25599,
            25599,
            25599,
            25599,
            25599,
            25599,
            25599,
            25599,
            25599,
            25599,
            25599,
            25599,
            25599,
            25599,
            25599,
            25599,
            25599,
            25599,
            25599,
            25599,
            25599,
            25599,
            25598,
            25599,
            25599,
            25599,
            25599,
            25599,
            25599,
            25599,
            25599,
            25599,
            25599,
            25599,
            25599,
            25599,
            25599,
            25599,
            25599,
            25599,
            25599,
            25599,
            25599,
            25599,
            25599,
            25599,
            25599,
            25599,
            25599,
            25599,
            25599,
            25599,
            25599,
            25599,
            25599,
            25599,
            25599,
            25593
        ],
        "rank_num_ghost_points_recv": [
            325,
            2203,
            100,
            352,
            831,
            15,
            105,
            103,
            173,
            100,
            152,
            745,
            96,
            237,
            3489,
            96,
            195,
            269,
            2430,
            60,
            2264,
            108,
            2319,
            73,
            79,
            353,
            82,
            171,
            1009,
            247,
            3471,
            1354,
            2930,
            148,
            3470,
            156,
            663,
            367,
            101,
            4012,
            3470,
            260,
            801,
            1075,
            3668,
            3020,
            3903,
            552,
            155,
            360,
            935,
            2818,
            49,
            2812,
            2067,
            293,
            4318,
            446,
            232,
            4761,
            210,
            4525,
            573,
            69
        ],