{
    "build_epsilon_graph": {
        "density": 14.869759559631348,
        "dist_comps": 12730787,
        "num_edges": 153218,
        "rank_dist_comps": [
            12730787
        ],
        "rank_num_edges": [
            153218
        ],
        "sparsity": 0.0014431055169552565,
        "time": 0.1583224109999719
    },
    "build_ghost_trees": {
        "dist_comps": 15997095,
        "rank_dist_comps": [
            15997095
        ],
        "time": 0.21673382599999513
    },
    "build_greedy_net": {
        "dist_comps": 1318912,
        "net_sep": 179.68026733398438,
        "rank_dist_comps": [
            1318912
        ],
        "time": 0.011484785999982705
    },
    "build_replication_tree": {
        "dist_comps": 995,
        "time": 7.363299994267436e-05,
        "verts": 160
    },
    "compute_cell_assignments": {
        "time": 3.4970000797329703e-06
    },
    "compute_ghost_points": {
        "dist_comps": 2957223,
        "num_ghost_points": 154387,
        "rank_dist_comps": [
            2957223
        ],
        "rank_num_ghost_points_recv": [
            154387
        ],
        "rank_num_ghost_points_sent": [
            154387
        ],
        "time": 0.07788955099999839
    },
    "covering_factor": 2.0,
    "dataset": "datasets/izbicki15/small/faces.fvecs",
    "dim": 20,
    "epsilon": 40.0,
    "file_io_time": 0.002154574999963188,
    "leaf_size": 10,
    "num_points": 10304,
    "num_ranks": 1,
    "num_sites": 128,
    "total_time": 0.46450770399997054
}
