{
    "build_epsilon_graph": {
        "density": 3.0623059272766113,
        "dist_comps": 6009218,
        "num_edges": 31554,
        "rank_dist_comps": [
            833926,
            3036952,
            35192,
            20623,
            15144,
            11161,
            751,
            93473,
            135315,
            1350,
            53509,
            65953,
            30781,
            17241,
            831063,
            3110,
            7771,
            3092,
            63815,
            64068,
            42860,
            16893,
            96126,
            6398,
            225019,
            3960,
            3464,
            209545,
            9728,
            46068,
            16387,
            8480
        ],
        "rank_num_edges": [
            19451,
            5288,
            111,
            218,
            136,
            176,
            27,
            198,
            335,
            31,
            352,
            415,
            139,
            90,
            1689,
            55,
            149,
            62,
            332,
            280,
            219,
            82,
            376,
            90,
            413,
            56,
            58,
            339,
            124,
            99,
            64,
            100
        ],
        "sparsity": 0.00029719583108089864,
        "time": 0.03867787400002953
    },
    "build_ghost_trees": {
        "dist_comps": 2626662,
        "rank_dist_comps": [
            272035,
            491183,
            95783,
            6451,
            10177,
            6152,
            439,
            120778,
            123166,
            552,
            17339,
            24030,
            54539,
            59437,
            321102,
            1573,
            4456,
            1289,
            47295,
            54659,
            22602,
            45386,
            60603,
            2859,
            300653,
            3358,
            2214,
            260229,
            8288,
            129537,
            71621,
            6877
        ],
        "time": 0.007037174000004143
    },
    "build_greedy_net": {
        "dist_comps": 659456,
        "net_sep": 212.1273193359375,
        "rank_dist_comps": [
            20608,
            20608,
            20608,
            20608,
            20608,
            20608,
            20608,
            20608,
            20608,
            20608,
            20608,
            20608,
            20608,
            20608,
            20608,
            20608,
            20608,
            20608,
            20608,
            20608,
            20608,
            20608,
            20608,
            20608,
            20608,
            20608,
            20608,
            20608,
            20608,
            20608,
            20608,
            20608
        ],
        "time": 0.0010247760000083872
    },
    "build_replication_tree": {
        "dist_comps": 603,
        "time": 0.00027506200001425896,
        "verts": 96
    },
    "compute_cell_assignments": {
        "time": 0.00015252600002213512
    },
    "compute_ghost_points": {
        "dist_comps": 1638083,
        "num_ghost_points": 23773,
        "rank_dist_comps": [
            51115,
            51181,
            51183,
            51195,
            51197,
            51198,
            51198,
            51198,
            51198,
            51198,
            51198,
            51198,
            51198,
            51196,
            51184,
            51193,
            51195,
            51195,
            51198,
            51198,
            51198,
            51198,
            51198,
            51198,
            51198,
            51198,
            51198,
            51197,
            51197,
            51193,
            51169,
            51127
        ],
        "rank_num_ghost_points_recv": [
            1491,
            1151,
            909,
            133,
            251,
            127,
            25,
            1249,
            1536,
            38,
            289,
            390,
            975,
            598,
            2885,
            66,
            137,
            64,
            793,
            773,
            369,
            527,
            952,
            88,
            2005,
            137,
            75,
            2520,
            276,
            1844,
            848,
            252
        ],
        "rank_num_ghost_points_sent": [
            134,
            318,
            459,
            570,
            1121,
            1229,
            651,
            472,
            501,
            495,
            615,
            611,
            644,
            916,
            957,
            814,
            772,
            1053,
            1114,
            1065,
            1066,
            935,
            1022,
            1132,
            1331,
            1188,
            902,
            414,
            303,
            429,
            438,
            102
        ],
        "time": 0.0041109350000283484
    },
    "covering_factor": 2.0,
    "dataset": "datasets/izbicki15/small/faces.fvecs",
    "dim": 20,
    "epsilon": 20.0,
    "file_io_time": 0.0040648350000083155,
    "leaf_size": 10,
    "num_points": 10304,
    "num_ranks": 32,
    "num_sites": 64,
    "total_time": 0.051278347000106805
}
