{
    "build_epsilon_graph": {
        "density": 14.869759559631348,
        "dist_comps": 12730787,
        "num_edges": 153218,
        "rank_dist_comps": [
            876710,
            4320366,
            15132,
            51692,
            138134,
            117110,
            2008143,
            791999,
            140405,
            74038,
            224562,
            164024,
            45302,
            31997,
            421665,
            29915,
            19581,
            30460,
            108555,
            44322,
            49736,
            118331,
            428478,
            16263,
            74927,
            4848,
            622935,
            421548,
            27763,
            1144169,
            10299,
            157378
        ],
        "rank_num_edges": [
            37624,
            44440,
            84,
            800,
            650,
            495,
            10822,
            4416,
            24909,
            174,
            2059,
            2188,
            94,
            370,
            2129,
            227,
            127,
            287,
            922,
            211,
            823,
            519,
            2674,
            78,
            215,
            146,
            2078,
            1514,
            377,
            10985,
            93,
            688
        ],
        "sparsity": 0.0014431055169552565,
        "time": 0.05920107500003269
    },
    "build_ghost_trees": {
        "dist_comps": 15997095,
        "rank_dist_comps": [
            556846,
            637396,
            340678,
            57479,
            227702,
            352905,
            1063621,
            926551,
            219581,
            359024,
            554380,
            286242,
            596559,
            341157,
            1303656,
            191051,
            389299,
            161763,
            338228,
            287658,
            94947,
            630670,
            540659,
            499332,
            815829,
            33482,
            647690,
            1324622,
            35861,
            1264774,
            229389,
            688064
        ],
        "time": 0.01945214499994563
    },
    "build_greedy_net": {
        "dist_comps": 1318912,
        "net_sep": 179.68026733398438,
        "rank_dist_comps": [
            41216,
            41216,
            41216,
            41216,
            41216,
            41216,
            41216,
            41216,
            41216,
            41216,
            41216,
            41216,
            41216,
            41216,
            41216,
            41216,
            41216,
            41216,
            41216,
            41216,
            41216,
            41216,
            41216,
            41216,
            41216,
            41216,
            41216,
            41216,
            41216,
            41216,
            41216,
            41216
        ],
        "time": 0.0015191740000091158
    },
    "build_replication_tree": {
        "dist_comps": 995,
        "time": 0.0003099210000527819,
        "verts": 160
    },
    "compute_cell_assignments": {
        "time": 0.0001276880000204983
    },
    "compute_ghost_points": {
        "dist_comps": 2957223,
        "num_ghost_points": 154387,
        "rank_dist_comps": [
            92410,
            92413,
            92414,
            92414,
            92414,
            92414,
            92414,
            92414,
            92414,
            92414,
            92414,
            92414,
            92414,
            92414,
            92407,
            92414,
            92414,
            92414,
            92414,
            92414,
            92414,
            92414,
            92414,
            92414,
            92414,
            92414,
            92414,
            92413,
            92412,
            92412,
            92414,
            92406
        ],
        "rank_num_ghost_points_recv": [
            5921,
            2734,
            2700,
            1505,
            4242,
            3559,
            8796,
            7956,
            3262,
            3799,
            5239,
            4012,
            6936,
            3749,
            10383,
            2891,
            3672,
            2375,
            5301,
            3329,
            1846,
            6096,
            6457,
            3790,
            6071,
            1038,
            5118,
            12062,
            1105,
            8878,
            3431,
            6134
        ],
        "rank_num_ghost_points_sent": [
            707,
            1504,
            2191,
            3610,
            5308,
            5000,
            4350,
            4196,
            3858,
            4109,
            5019,
            4882,
            5578,
            6798,
            6928,
            6388,
            6131,
            6022,
            6517,
            6154,
            6720,
            7248,
            7494,
            7956,
            7798,
            7193,
            5589,
            3155,
            1896,
            2050,
            1400,
            638
        ],
        "time": 0.008873597000047084
    },
    "covering_factor": 2.0,
    "dataset": "datasets/izbicki15/small/faces.fvecs",
    "dim": 20,
    "epsilon": 40.0,
    "file_io_time": 0.004130775000021458,
    "leaf_size": 10,
    "num_points": 10304,
    "num_ranks": 32,
    "num_sites": 128,
    "total_time": 0.0894836000001078
}
