{
    "build_epsilon_graph": {
        "density": 3.0623059272766113,
        "dist_comps": 7104185,
        "num_edges": 31554,
        "rank_dist_comps": [
            491139,
            4017683,
            5170,
            33500,
            63315,
            897,
            1784,
            595,
            8781,
            1869,
            3018,
            15079,
            4076,
            6623,
            1640978,
            3996,
            15855,
            3452,
            75043,
            516,
            158546,
            3614,
            269609,
            996,
            629,
            3985,
            2250,
            3396,
            90912,
            1501,
            116181,
            59197,
            0,
            0,
            0,
            0,
            0,
            0,
            0,
            0,
            0,
            0,
            0,
            0,
            0,
            0,
            0,
            0,
            0,
            0,
            0,
            0,
            0,
            0,
            0,
            0,
            0,
            0,
            0,
            0,
            0,
            0,
            0,
            0
        ],
        "rank_num_edges": [
            18847,
            6082,
            64,
            225,
            300,
            23,
            29,
            17,
            87,
            43,
            33,
            80,
            52,
            103,
            2519,
            66,
            210,
            32,
            206,
            12,
            477,
            51,
            812,
            20,
            17,
            47,
            39,
            51,
            394,
            32,
            261,
            323,
            0,
            0,
            0,
            0,
            0,
            0,
            0,
            0,
            0,
            0,
            0,
            0,
            0,
            0,
            0,
            0,
            0,
            0,
            0,
            0,
            0,
            0,
            0,
            0,
            0,
            0,
            0,
            0,
            0,
            0,
            0,
            0
        ],
        "sparsity": 0.00029719583108089864,
        "time": 0.05082151999999951
    },
    "build_ghost_trees": {
        "dist_comps": 1882858,
        "rank_dist_comps": [
            104372,
            756443,
            2541,
            7680,
            33624,
            333,
            1462,
            363,
            8090,
            1161,
            2745,
            9722,
            3581,
            4839,
            449027,
            1998,
            9239,
            5399,
            79074,
            451,
            93047,
            2409,
            101159,
            1173,
            245,
            3720,
            1528,
            2055,
            36768,
            2788,
            120302,
            35520,
            0,
            0,
            0,
            0,
            0,
            0,
            0,
            0,
            0,
            0,
            0,
            0,
            0,
            0,
            0,
            0,
            0,
            0,
            0,
            0,
            0,
            0,
            0,
            0,
            0,
            0,
            0,
            0,
            0,
            0,
            0,
            0
        ],
        "time": 0.01023562000000311
    },
    "build_greedy_net": {
        "dist_comps": 329728,
        "net_sep": 245.1183319091797,
        "rank_dist_comps": [
            5152,
            5152,
            5152,
            5152,
            5152,
            5152,
            5152,
            5152,
            5152,
            5152,
            5152,
            5152,
            5152,
            5152,
            5152,
            5152,
            5152,
            5152,
            5152,
            5152,
            5152,
            5152,
            5152,
            5152,
            5152,
            5152,
            5152,
            5152,
            5152,
            5152,
            5152,
            5152,
            5152,
            5152,
            5152,
            5152,
            5152,
            5152,
            5152,
            5152,
            5152,
            5152,
            5152,
            5152,
            5152,
            5152,
            5152,
            5152,
            5152,
            5152,
            5152,
            5152,
            5152,
            5152,
            5152,
            5152,
            5152,
            5152,
            5152,
            5152,
            5152,
            5152,
            5152,
            5152
        ],
        "time": 0.0013349360000347588
    },
    "build_replication_tree": {
        "dist_comps": 465,
        "time": 0.0005135750000135886,
        "verts": 64
    },
    "compute_cell_assignments": {
        "time": 0.0003695760000255177
    },
    "compute_ghost_points": {
        "dist_comps": 978633,
        "num_ghost_points": 11001,
        "rank_dist_comps": [
            15237,
            15270,
            15283,
            15290,
            15284,
            15292,
            15293,
            15295,
            15295,
            15294,
            15295,
            15295,
            15295,
            15295,
            15295,
            15295,
            15295,
            15295,
            15295,
            15295,
            15295,
            15295,
            15295,
            15295,
            15295,
            15295,
            15295,
            15293,
            15287,
            15292,
            15292,
            15293,
            15293,
            15294,
            15294,
            15293,
            15295,
            15295,
            15295,
            15295,
            15295,
            15295,
            15295,
            15295,
            15295,
            15295,
            15295,
            15295,
            15295,
            15295,
            15295,
            15295,
            15295,
            15295,
            15295,
            15295,
            15295,
            15294,
            15294,
            15291,
            15290,
            15271,
            15268,
            15251
        ],
        "rank_num_ghost_points_recv": [
            206,
            1035,
            55,
            174,
            503,
            14,
            44,
            16,
            244,
            45,
            66,
            166,
            113,
            129,
            1607,
            56,
            205,
            157,
            993,
            29,
            911,
            80,
            848,
            63,
            18,
            137,
            55,
            74,
            603,
            148,
            1431,
            776,
            0,
            0,
            0,
            0,
            0,
            0,
            0,
            0,
            0,
            0,
            0,
            0,
            0,
            0,
            0,
            0,
            0,
            0,
            0,
            0,
            0,
            0,
            0,
            0,
            0,
            0,
            0,
            0,
            0,
            0,
            0,
            0
        ],