{
    "build_epsilon_graph": {
        "density": 60.29153823852539,
        "dist_comps": 24615171,
        "num_edges": 621244,
        "rank_dist_comps": [
            11151812,
            13463359
        ],
        "rank_num_edges": [
            248788,
            372456
        ],
        "sparsity": 0.005851275287568569,
        "time": 0.18913735799992537
    },
    "build_ghost_trees": {
        "dist_comps": 7344539,
        "rank_dist_comps": [
            4870366,
            2474173
        ],
        "time": 0.06309491100000741
    },
    "build_greedy_net": {
        "dist_comps": 329728,
        "net_sep": 245.1183319091797,
        "rank_dist_comps": [
            164864,
            164864
        ],
        "time": 0.0016929509999954462
    },
    "build_replication_tree": {
        "dist_comps": 465,
        "time": 6.53159999046693e-05,
        "verts": 64
    },
    "compute_cell_assignments": {
        "time": 1.615199994375871e-05
    },
    "compute_ghost_points": {
        "dist_comps": 978880,
        "num_ghost_points": 76526,
        "rank_dist_comps": [
            489440,
            489440
        ],
        "rank_num_ghost_points_recv": [
            45585,
            30941
        ],
        "rank_num_ghost_points_sent": [
            35701,
            40825
        ],
        "time": 0.024744407999946816
    },
    "covering_factor": 2.0,
    "dataset": "datasets/izbicki15/small/faces.fvecs",
    "dim": 20,
    "epsilon": 60.0,
    "file_io_time": 0.0025467240000125457,
    "leaf_size": 10,
    "num_points": 10304,
    "num_ranks": 2,
    "num_sites": 32,
    "total_time": 0.2787510959997235
}
