{
    "build_epsilon_graph": {
        "density": 60.29153823852539,
        "dist_comps": 24027641,
        "num_edges": 621244,
        "rank_dist_comps": [
            10238121,
            13789520
        ],
        "rank_num_edges": [
            255923,
            365321
        ],
        "sparsity": 0.005851275287568569,
        "time": 0.1882354499999792
    },
    "build_ghost_trees": {
        "dist_comps": 15178579,
        "rank_dist_comps": [
            8673865,
            6504714
        ],
        "time": 0.11188302000005024
    },
    "build_greedy_net": {
        "dist_comps": 659456,
        "net_sep": 212.1273193359375,
        "rank_dist_comps": [
            329728,
            329728
        ],
        "time": 0.003563996000025327
    },
    "build_replication_tree": {
        "dist_comps": 603,
        "time": 5.88340000149401e-05,
        "verts": 96
    },
    "compute_cell_assignments": {
        "time": 1.6330999983438232e-05
    },
    "compute_ghost_points": {
        "dist_comps": 1638336,
        "num_ghost_points": 150398,
        "rank_dist_comps": [
            819168,
            819168
        ],
        "rank_num_ghost_points_recv": [
            84576,
            65822
        ],
        "rank_num_ghost_points_sent": [
            70956,
            79442
        ],
        "time": 0.03892754100002094
    },
    "covering_factor": 2.0,
    "dataset": "datasets/izbicki15/small/faces.fvecs",
    "dim": 20,
    "epsilon": 60.0,
    "file_io_time": 0.0027454589999251766,
    "leaf_size": 10,
    "num_points": 10304,
    "num_ranks": 2,
    "num_sites": 64,
    "total_time": 0.3426851720000741
}
